Inlet TDS (kg/L),Flow (L/s),CAPEX (kUSD/year),OPEX (kUSD/year),Li Efficiency (%),Status
6.6687352862794,0.007103514587079422,4.239167791546087,20.345660795385765,39.176597810725845,1.0
3.970655885776002,0.00825931266817401,3.74327243081024,16.008739078667762,38.05026687075488,1.0
6.6144810952923345,0.00819763497635325,4.237685352215168,22.469683649863846,39.65286747667506,1.0
9.048099309365412,0.0022268865544065974,4.630806701191174,14.08315048967708,40.05109582639636,1.0
1.304925590909268,0.008031565678128705,1.9882381217862215,5.758698679466545,28.71677984481133,1.0
2.3569916221692826,0.0020855888771187155,2.08709759262517,4.394832288589183,34.67510730393964,1.0
12.761771713846194,0.004707915204354493,5.335833038463888,23.99812677239664,37.97807350259217,1.0
3.9379256643863747,0.006174271841496062,3.7274434642415954,13.457180776751342,37.45754196287188,1.0
4.267805990143988,0.00699120369131549,3.7924679229382194,15.117020909120004,38.0234789444416,1.0
3.5102518127734648,0.004475489219771079,3.641561381149467,10.853429713274837,37.253486403569056,1.0
6.572803318349247,0.00883169601787278,4.234893804719784,23.688107269857014,39.92309969087528,1.0
7.30481324430199,0.0029176627877190017,0.0,0.0,0.0,0.0
2.045257319916245,0.0011640140984850017,1.5665625132614596,3.051949712269497,38.87951218890257,1.0
13.9010855555908,0.008066080691638309,5.598950560952747,38.44083224273931,39.50551414951472,1.0
19.583851163801132,0.006031433227778401,6.614419071358705,39.41359521266887,37.95364530164589,1.0
16.629612218301173,0.0015368082242680672,5.984599511667577,19.174476385315035,42.391414162967,1.0
9.84329844853547,0.0070207050648890415,4.828096084415482,26.432501070969316,39.18369396943506,1.0
12.676333627058497,0.0014792962223233394,0.0,0.0,0.0,0.0
15.167959081758983,0.002429176962425655,5.737244075745282,19.933139322220804,39.20534407634496,1.0
19.48384874019365,0.0028204718517217914,6.5246012369534725,25.019330774670347,38.21692752102123,1.0
7.223204708463565,0.005527079805216344,4.328896705631127,18.141372428896116,38.574758783391985,1.0
19.30652707714065,0.003538196506973505,0.0,0.0,0.0,0.0
4.427768041221675,0.0038372560354811955,3.8060418106981606,12.100947100161388,39.61393695294627,1.0
6.017985609973922,0.00736703125986774,4.120121354764372,19.491676903161245,39.16482238284627,1.0
19.677355806029198,0.008952878078133383,6.699847319918036,56.14161657204103,39.72751713008737,1.0
10.09518015336246,0.005178769527866293,4.853213951305711,21.68836529104673,38.345312899077996,1.0
4.873935743810895,0.008927662598934401,3.9162763287748805,19.38152737665955,39.264734351314125,1.0
6.2555350863970585,0.002731337141044286,4.130994561431667,12.270258163567659,39.435956992595194,1.0
5.397957803727474,0.005421801384568885,3.99243817276852,15.016713646169222,38.27309880979289,1.0
14.697595129252491,0.00910365719810343,5.766204787690567,44.834104131525,40.05676610798266,1.0
6.74447342181175,0.00524408908830647,4.238618288387789,16.838530051382076,38.45828961156471,1.0
3.0631451299852217,0.004871593182301971,3.561231554252599,9.644547281266224,33.18326877636019,1.0
10.917657254841894,0.00998327126520459,5.066482726764774,38.47578041590817,40.67348631270189,1.0
18.056495642132663,0.0019047071991676113,6.248014956972081,21.117774749012792,40.651379120354754,1.0
1.7976045294204042,0.0014335266792810933,1.4380834292106417,2.870544787076785,37.13366654423268,1.0
4.3318669637468465,0.004841475908846336,3.7935398971522165,12.639308524273645,37.87498082692435,1.0
17.940100435428157,0.001585287641745366,0.0,0.0,0.0,0.0
7.4824196691768785,0.009689584772380393,4.413578829281328,28.054015624180362,40.4379175587597,1.0
3.0141416121677964,0.001933757872226727,2.6086477019105176,5.426560475173514,35.09500644165002,1.0
15.725101155702944,0.00873200166893581,5.952531271778187,45.56429152141918,39.78855676403334,1.0
6.15442441698762,0.0012157143685700817,4.102395019773579,9.174282108337037,41.88319483558011,1.0
6.404766461959817,0.0016555077877295128,4.150332362703907,11.08750577373141,42.77320964226206,1.0
13.496491622847772,0.00927341009235743,5.542924157973571,42.576867701539584,40.20948114462304,1.0
18.453143051585414,0.005274603827791065,6.389557212643159,33.976418042496206,37.674393328843266,1.0
7.621834611429542,0.0054344086643142,4.401418697143868,18.578200404189378,38.549711593355276,1.0
10.610705263871623,0.003022635617165982,4.921862819582671,17.012075386382786,38.595245779395334,1.0
18.438676925631444,0.001619042835736795,6.31095054943851,20.772931673575563,41.9275417213372,1.0
16.19670621555443,0.0070562839074121905,6.0087295159494465,38.61937427922077,38.76745824513508,1.0
2.664953608389701,0.0073753357473685536,3.496051187313552,11.6225912617941,33.857440655661236,1.0
2.9662743582111566,0.004039510462356462,3.2158546047946155,8.206204871815372,33.64905684953383,1.0
7.16633440448921,0.00372367613212023,4.303656425570664,14.653696279620572,38.37687865978079,1.0
2.9772130954916394,0.0038874977186154295,3.1714504159698955,8.04029053957481,33.92759880193948,1.0
10.222580109852135,0.00591088830080731,4.885258491341979,23.911713093431523,38.6255554226415,1.0
2.1337153886470985,0.00781384025666554,3.2044722607450202,9.236409138223994,28.93412896879909,1.0
9.353190761309685,0.0011235329540704442,4.6744216937154395,13.007600444410517,45.27916303605946,1.0
13.174549127553458,0.00967279687286543,5.488666274520382,43.422895268588725,40.44221341213882,1.0
10.925836442785547,0.00775860891958915,5.038692261781395,30.910131392121688,39.51124688811017,1.0
18.271927899450205,0.00874419870401506,6.430989916915933,51.601512328213616,39.66514106426436,1.0
12.113625617610701,0.004273587617029044,5.211194945143579,21.851167594168295,37.97777363452117,1.0
5.917409557579174,0.005581569301375654,4.089034676229462,16.12484940800943,38.4518789279314,1.0
8.439288791413812,0.003834088412683804,4.536278818223679,16.351215968125533,38.3011212427358,1.0
7.955957251207472,0.005610240681933645,4.464471188555725,19.489044984899948,38.61200504928159,1.0
3.600009006921343,0.0041653500779133806,3.6566945060043285,10.515613207778742,37.026687311570235,1.0
12.391058708488773,0.002148581251074419,5.232257179181741,16.873770505991626,40.06639258543177,1.0
9.259204723426922,0.0036839643405380852,4.683963234857522,16.98873968040664,38.28683398928666,1.0
15.02188149343678,0.002188052825158185,5.706859109175228,19.23019615525142,39.82334176263158,1.0
19.66070761081862,0.008226711660279776,6.679547346581311,51.776716406348086,39.274150563868176,1.0
17.73987264710938,0.005296603994960534,6.258990433510631,33.06622908488817,37.73737690420899,1.0
14.641322775980486,0.0029326930616912594,5.650433016432544,20.764267627998244,38.38868927443039,1.0
3.496602621546383,0.0020033041128840303,3.058278713211601,6.397553092984218,34.89389361529109,1.0
11.793707758083077,0.007448916185807201,5.1962944917076985,31.655210803232112,39.293773572542506,1.0
8.95177124589911,0.009455460916578146,4.688616067374375,31.438058087464984,40.41819578367306,1.0
6.0026410244444355,0.0017656658788419767,4.078837418023927,10.629932109350714,41.832718846357594,1.0
9.638689755078774,0.0097561097233635,4.821723938508308,34.19033703559839,40.57127376902923,1.0
9.862495519953338,0.0037544089103880205,4.794468605031185,17.83334749734303,38.22229127057009,1.0
7.934179141279991,0.001075856805349848,4.419974116815259,11.495602352909263,45.408494642753645,1.0
10.89678032283801,0.007119040424912716,5.025012347837809,28.77315289234922,39.17464232065027,1.0
1.0877820334335524,0.008116495747976448,1.6665891732490525,4.835998772859761,28.632941757267382,1.0
10.302401921076598,0.00920272161356368,4.940230658332388,34.18965568375312,40.28973823936119,1.0
9.992773833068282,0.0067397984667805656,4.852554093828383,25.89919507776434,39.034818112965056,1.0
2.799368752573743,0.008885378568620338,3.5261247560278424,13.146776147727495,34.731096889308155,1.0
10.358600754326975,0.007626095264592216,4.931217833238024,29.290898538877926,39.47005170375787,1.0
5.96782930990724,0.005862153664315412,4.100255156146187,16.690899158874544,38.555244621981586,1.0
6.527164246214909,0.009032220199543691,4.227900169136762,23.98881849193011,40.00037777936051,1.0
4.5619726143475345,0.009473590613627795,3.8606476026063743,19.323442553728817,39.20259655786154,1.0
5.495198695232941,0.006829778276081786,4.019332444743059,17.45392290710439,38.78156260199798,1.0
15.54639338629464,0.0038586826934575457,5.8304813037185745,24.573879755950966,37.70363327779824,1.0
9.680719484413766,0.0029085350118026442,4.752182221264741,15.851204716462588,38.78543823351694,1.0
2.1748037132794558,0.0011140801712181843,1.65247504934267,3.2037730441361583,39.27761453575138,1.0
11.788767507014592,0.0026061311936162847,5.129750751653752,17.26133546006673,39.070278739342186,1.0
7.611697453625983,0.0051904012772972085,4.397412688666746,18.04895764064982,38.4699394717924,1.0
1.8988091102365803,0.0034242769754672057,1.957130325109962,4.705966187423261,33.73652881125805,1.0
17.581045531847504,0.007567548675423954,6.276520639238875,43.79885012766623,38.98230209806113,1.0
14.246287222618953,0.003742699467427212,5.591905366318611,22.741195152827146,37.84529701174079,1.0
15.97625315237594,0.005545102913353691,5.9395811809568295,31.579145215675023,37.98278963542337,1.0
9.651319346218447,0.006703264662744163,4.788838055483041,25.162541360944218,39.03512518891295,1.0
5.297584375997353,0.004943981810015275,3.9710694110015314,14.147817794275369,38.15443714691405,1.0
1.9530725201460255,0.00593982833436443,2.548991075087822,6.984412502341871,30.97230027375206,1.0
10.56116791711662,0.006509004158297882,4.955069935727256,26.247279969788934,38.884668300149244,1.0
10.149584060299738,0.00937656166508365,4.913591937072819,34.35802209693688,40.38040371826823,1.0
16.806064893234996,0.003750482918423402,6.057767732644243,25.594791304612798,37.62884160306345,1.0
11.97687966941668,0.003964059381065917,5.18202172093432,20.809012266884295,38.00166518995843,1.0
4.048035439270686,0.0035248053123454926,3.7354852316489473,10.618370760231924,38.365357351459124,1.0
14.958396208508432,0.0034809778640493495,5.717043455519715,22.69624355187735,37.89343641664807,1.0
18.991362428416814,0.003808895933107479,6.456625210077888,28.223278120510034,37.444256522839574,1.0
4.698840189889328,0.0035350522142552614,3.853783831205437,11.93660409546807,39.494853838339196,1.0
5.05995614727555,0.006428133742772429,3.936213656122897,15.95265006681981,38.440851044015666,1.0
18.347018061046423,0.008470563181678284,6.439050966552632,50.25181954787792,39.49326150893178,1.0
6.08804386430818,0.004803353566824094,4.114981983750093,15.084678324583448,38.29084574389985,1.0
6.818274782588378,0.006254330886770773,4.260160278494133,18.922626037244946,38.829992526858526,1.0
12.571354413699545,0.0015967107769842795,5.2570724820002575,16.055318069210177,42.15454285858154,1.0
4.934978066411429,0.009646468395746437,3.9320566206544427,20.692711151593798,39.57941902256245,1.0
12.743793317936898,0.006645567361391526,5.361154426363235,30.600656004938024,38.7934584181681,1.0
9.010803823737067,0.006797487998224628,4.671118000242462,24.22306910637289,39.10843061215023,1.0
11.312442780890777,0.007603187029547354,5.108740720616352,31.20142356513366,39.406575991948436,1.0
15.896488408532479,0.003384209888759521,5.8857057834137585,23.371742534104037,37.87527016604454,1.0
3.7266481049019413,0.0011595177718203458,2.8523566183850884,5.554520257690663,38.91425285218206,1.0
18.708224403906875,0.001811292539316623,6.363317919588897,21.426594235880312,41.01525646777131,1.0
13.475259978604376,0.001799925893992459,0.0,0.0,0.0,0.0
15.296178129038296,0.006973100424610567,5.839946220482372,36.564967661138716,38.78281323379529,1.0
9.315225551869714,0.005136699225396881,4.709583345794946,20.444025177791687,38.38755131186384,1.0
15.046567392185759,0.0031052357530160324,5.726701473241708,21.65091816378915,38.16803979430923,1.0
7.590901016714364,0.008009481271721224,4.418683765692332,24.316247379181217,39.67827706901918,1.0
17.48305851096054,0.006268215337811085,6.2315196081148505,37.182434947931206,38.22824825642619,1.0
13.826183668609133,0.004217593988463322,5.52292060710903,23.766035221076315,37.81955341911288,1.0
11.687829034801714,0.008779776894468991,5.195169625172647,36.16946507549933,40.0219014798456,1.0
16.413132216545137,0.006164483072669707,6.031771169443225,34.938916162067,38.25169684622946,1.0
11.99992891718991,0.005156037075176545,5.202562529331131,24.366657422342914,38.17563363930181,1.0
10.99872426302395,0.001925410861984847,4.978709815573087,15.290431537880375,40.84049972892032,1.0
2.7443829260074644,0.009262846912995663,3.517044112992035,13.25722936642787,34.529826569031584,1.0
18.868740319346518,0.009113957866173465,6.551483005327971,55.140094589727354,39.86334544074596,1.0
16.27227376412555,0.0054169353812363475,5.991637549412759,31.478185630486585,37.903280354962604,1.0
10.274637366776954,0.007383557922274456,4.91260864930382,28.368476347444656,39.34788472437049,1.0
6.718877944660512,0.004899140759564204,4.231252743331217,16.16184878872121,38.368101465033725,1.0
4.404728755427788,0.004130869525934286,3.803314566778613,12.100082713144745,38.575450978332874,1.0
9.954652542070136,0.0010344483484089801,4.781126031260867,13.349710617515397,45.87376449636832,1.0
4.821159452732778,0.0030554671279554033,3.8734093259579927,11.948880791488152,41.523955958496686,1.0
17.221238830531533,0.009431374543683962,6.248021548620964,52.804035158818465,40.12852349979354,1.0
1.6482273676567936,0.00835023856125722,2.563372292070104,7.4751014204351485,28.404892954378415,1.0
6.78589715940208,0.005467988447162605,4.247979036780486,17.32760951418257,38.531262249195144,1.0
12.862889020294888,0.004189158507557498,5.346728263818451,22.514189030857185,37.90715390938686,1.0
1.4705984121890514,0.0023708990830259595,1.3573121680988338,2.9237647813460734,34.05032737883472,1.0
8.52920500462131,0.006280966206472746,4.576641319386191,22.02501848905024,38.8809068210688,1.0
11.598796565786207,0.006591453583113678,5.148274835671567,28.36228200121028,38.852197127025086,1.0
12.638396157842875,0.008691776812438393,5.3723619875122965,38.10719669568709,39.928790962924474,1.0
14.582961621458383,0.007652369032410974,5.71924668295345,38.122548913896594,39.22381727080981,1.0
12.55343332089649,0.009971003914097169,5.375912155143952,42.96477280174626,40.6243390387915,1.0
19.725029563527297,0.004294066061672559,6.601024035678817,31.13438957256581,37.33830784762779,1.0
5.460669380720712,0.0033259996332920634,3.9909230836578997,12.224296555850488,38.805051524244874,1.0
18.18858414499286,0.003366131993466685,6.301422154091408,25.6728170115816,37.714293127054056,1.0
17.276134106023942,0.007330484332990907,6.214841657336114,41.99764369543524,38.858082140078956,1.0
14.996784609114439,0.007246672798684801,5.7892007809054915,37.1902734092498,38.96112653849197,1.0
16.652978187987333,0.0013169073090792283,5.984769454962691,18.781503166422233,43.705660711559055,1.0
1.2880299481697388,0.0038686812067249285,1.3690348556472034,3.467957535339835,33.963113899212374,1.0
5.361649276022094,0.002591904511347114,3.9685468196807,12.058784140223189,42.33420106122418,1.0
10.848197806235188,0.007845140432164974,5.025322893208781,31.028917234422757,39.56126629617664,1.0
13.117345791036271,0.0061326586772799604,5.422499476641169,29.384321765553157,38.499152538590145,1.0
13.284766026584409,0.009047714702558406,5.49939968309352,41.101992516606465,40.09413408452163,1.0
16.78021893096258,0.009522854913044183,6.166710109920897,52.15953221003342,40.20193661627918,1.0
16.06921789143005,0.005542418327962443,5.956636505919247,31.706307647643694,37.97402951424335,1.0
11.828723458712943,0.006774711979868781,5.193404778552929,29.394991777359326,38.930451118890076,1.0
5.131975708784433,0.0072675273653910405,3.954605120890217,17.400966094430384,38.787809510475874,1.0
9.134789492117562,0.009505854014201457,4.723699698767715,32.07249858794112,40.44557022606443,1.0
6.877787575949107,0.008334472660753774,4.288081734199235,23.386543319794868,39.75558833604715,1.0
7.360635785499117,0.009012484876572347,4.384518468969326,26.114899583752887,40.12114883121446,1.0
13.760828643417106,0.008817480364684379,5.585139233963615,41.29233999830377,39.941423461295365,1.0
6.327271812984237,0.0013986956796430052,4.134626210666453,10.0049243970424,42.19500556998245,1.0
7.50244364981059,0.006491554653895155,4.388689480980784,20.668141575173795,38.97367633890428,1.0
15.619343286274237,0.009297281950214797,5.943350973679514,48.05093509910947,40.123688223814895,1.0
3.237003743102766,0.009355432079812875,3.6102181388449206,15.063415982521056,36.72716567368482,1.0
7.520968410151295,0.007506315954638951,4.4011112933237415,22.992523711298222,39.438654308626326,1.0
7.730715064249865,0.007193392956796581,4.437322566460277,22.703959599095814,39.301974993542096,1.0
4.644710466735659,0.003617658929874886,3.8443813794079214,11.955694922104998,39.37969178725951,1.0
3.9606758614531903,0.00848444417764616,3.7424735806535816,16.262232902060745,38.11048096501744,1.0
9.191053797706358,0.005884980185950605,4.6947466843260415,22.151776728836744,38.67948832088764,1.0
15.310009578217418,0.008683974687835685,5.873708542994908,44.361803227692306,39.78255402066464,1.0
1.1947325272282587,0.008763431132668545,1.9063361129354384,5.605360068493036,28.01121799652604,1.0
18.255279570769392,0.009482548484432148,6.444183605079204,55.732647659372034,40.11369687615341,1.0
17.066644868983044,0.006107486596381315,6.151351876007565,35.74555631800915,38.172384353626505,1.0
7.210617028489718,0.006764942925572223,4.3369847020449095,20.714132682535368,39.08040885851215,1.0
14.472926404054961,0.009166667874041613,5.725024805642435,44.56308216584862,40.10361686926117,1.0
2.766236471155949,0.009950493924506563,3.523479246038145,13.915170145529569,34.88090266311022,1.0
12.800046037057164,0.0012670403263113992,5.293495225380677,15.742812096934756,44.03253001775973,1.0
2.0992324601479857,0.007747488313636562,3.138648291294865,9.032970102340208,29.001074141783224,1.0
4.4991708012423235,0.004395256706112712,3.821892411234405,12.386551509732355,38.12588833413748,1.0
10.9591337501408,0.0066816940890478595,5.03095940015475,27.498876689838042,38.94429710264742,1.0
19.63356007554461,0.00841111905361666,6.678805571969299,52.80292909283982,39.39127911610225,1.0
5.808204347323373,0.0023999949524209562,4.047973028307986,11.734096286976834,41.035501969535865,1.0
3.0998084890879776,0.007685092607415149,3.578133619678293,13.067193363648984,35.83479871671859,1.0
19.564597792646005,0.00918971701580627,6.684253042374963,57.300370247057764,39.879026791525156,1.0
5.863187854991702,0.001751881739811514,4.05368471150792,10.283502352590013,41.33749109215508,1.0
19.157606365637527,0.001463947036711158,6.436776166987663,21.003137166047754,42.77344646164889,1.0
6.180014380737561,0.001985622526293442,4.112218144953917,11.790310779780459,42.74555024684453,1.0
6.486641421735177,0.005901538928289245,4.196202422889438,17.65501466849427,38.65521366112542,1.0
11.063447805484993,0.0036693815189425046,5.011917033207619,18.990545791719224,38.14789666450653,1.0
14.22690644740755,0.007923233752970769,5.657440756826818,38.53874283490888,39.4032547389108,1.0
9.123993251923503,0.0071304936127445095,4.6956882887914935,25.335231835356545,39.267916014959745,1.0
3.2202542274090646,0.009344252863168683,3.6070169106084657,14.996195184695244,36.66811476826315,1.0
4.844258775317202,0.001444467867510424,0.0,0.0,0.0,0.0
7.052406525088653,0.002790665065809647,4.27553554163581,13.075025327898611,39.143090548960096,1.0
1.4341475366487866,0.00785604607080903,2.15992795337585,6.231620871293823,28.891721518113776,1.0
16.10040473090453,0.007906866347091236,6.007076924980505,42.43488316906235,39.27736276802559,1.0
15.348977660451016,0.007338932937454228,5.856378837525543,38.28168364081661,38.9904152729507,1.0
2.331967799331016,0.005810887070365157,3.0103506621856093,8.214340437034537,31.1265946058414,1.0
8.77250413299502,0.0012421783335625836,4.571606430132204,12.705009227930793,44.5612397693857,1.0
8.190848022105733,0.008166430520361579,4.53234552037212,26.0702567940384,39.77962743884081,1.0
7.854146259395446,0.004181205673190518,4.432853272431789,16.33010866902401,38.29231483686153,1.0
9.74237055065478,0.005326406763424377,4.7901048698577116,21.560145426886116,38.42277824867728,1.0
14.437607472610523,0.008849405996155468,5.712836441300943,43.052563285268576,39.92446063338836,1.0
16.851870229550407,0.0027646338136190435,6.047428428287955,22.384034129110546,38.468758492582,1.0
7.032189386651346,0.006786407975812989,4.30407818929598,20.41477304259187,39.07655249425975,1.0
11.24568365445145,0.005001432577906156,5.062123010883905,22.833378746148878,38.192830357633554,1.0
10.582452864374396,0.007322189688400511,4.969139362306503,28.797927951632754,39.29951506258356,1.0
15.88386208550879,0.00679143936139577,5.945662930314893,36.83621936886102,38.63686580553096,1.0
3.5808531806167814,0.0061783923678096556,3.6614995067030467,12.809820513389207,37.018250787124515,1.0
5.314764312789546,0.005085256189590051,3.9750812735959626,14.37996711929222,38.178515365721324,1.0
13.441281870101417,0.003519384030870915,5.442056751378086,21.193996210992314,38.001873797172486,1.0
17.628536224078346,0.003369575668489097,6.199835804291567,25.110270170563673,37.75275087680406,1.0
6.7959046240836685,0.009572000644494524,4.282908363292145,25.87171513481307,40.285682879350645,1.0
6.453969588924698,0.0036257847651251706,4.173353433775423,13.674141669238894,38.424888703192,1.0
8.935425470284736,0.0026004618566061385,4.614211403778273,14.575079682586885,39.27096820378897,1.0
18.345882350560874,0.0024508391888669948,6.311181454883194,22.816051944088795,38.977459840580906,1.0
11.376144459900484,0.006726948526473011,5.108844652277996,28.405950596858336,38.93825590741815,1.0
19.507747124976486,0.0047312853080247715,6.571095133414964,32.86389555442186,37.41861221262139,1.0
11.525265919298773,0.0029560846702559487,5.086653287328453,17.776754929351664,38.596797075120946,1.0
19.27555893478451,0.007961641614406328,6.601360405230853,49.41695483640164,39.12812616466299,1.0
1.452454091310122,0.009830404587065997,2.465086677533461,7.387739947118433,27.048464025290887,1.0
10.745774951371125,0.007432022781828747,5.000927088219182,29.475807935843985,39.348036859403976,1.0
4.120928201791937,0.009365627472440938,3.776900690794937,17.857492841283612,38.650536029309706,1.0
2.0198971616920867,0.00552149747592175,2.5423175103870594,6.870328403626145,31.482309488809747,1.0
2.0328969457533965,0.009726175484026302,3.3841440067591453,10.311079876941161,27.655559896905523,1.0
12.121248638691425,0.006200140380688084,5.239494804300097,27.958523917558008,38.61416645440135,1.0
15.798821126095623,0.004054366044011536,5.879945346903232,25.54641446534788,37.65235123488493,1.0
2.291593987910079,0.006935915973805241,3.235285270016309,9.126075190138005,29.848080906203904,1.0
10.117968714047526,0.0024821305289630087,4.826507628994226,15.470063112892236,39.40579122729629,1.0
15.462551830306198,0.0027221738240858218,5.795456109873629,20.966614408724297,38.628269000078134,1.0
7.7999702060526666,0.008585303497796619,4.463138345492031,26.1916585928663,39.961301828311775,1.0
19.97745849980733,0.00959086362555137,6.771737575760448,60.81565630755014,40.108099559123026,1.0
2.245022290980309,0.006695081935224101,3.1126913387892325,8.72299722054678,30.110332127243716,1.0
7.187987303332947,0.005164412896252334,4.319409691356783,17.35922177611202,38.45661387233883,1.0
6.848147876733817,0.002530139843220992,4.236601765768085,12.549115842447874,39.65794248389306,1.0
18.03338907139861,0.0018637177602955004,6.243041753367803,21.00154195587719,40.81603861189965,1.0
11.836141157209232,0.008153461153273879,5.214124140149218,34.24660542635965,39.67520167256169,1.0
2.535611639357805,0.009320725273102817,3.477889477061515,12.50690473620367,33.16372281260045,1.0
19.40559982350724,0.005481228842515101,6.569137160505667,36.338684228783244,37.6930439759429,1.0
17.90329155925004,0.005985382789366318,6.3032936813711,36.51358287117335,38.046806885938054,1.0
16.534032573096134,0.0012854502760085507,5.962879837074206,18.634180504000973,43.91513528419285,1.0
8.062427977019343,0.002847036690003397,4.458721446542565,14.141599074513895,38.97075305467581,1.0
16.889769895984344,0.007555341696532445,6.147445222029997,42.350740925911346,39.017759019006135,1.0
13.599847282264154,0.009409028131036761,5.564637496809298,43.418523228557675,40.279931961811,1.0
2.633005207838843,0.00536903268830085,3.2686697914169707,8.78647068902664,31.67567520695968,1.0
2.861692382504893,0.005747649064484943,3.5272132900425532,10.175302672958354,33.01206496078802,1.0
5.7261755194395825,0.005618046882806719,4.054081908453699,15.868536957035532,38.41973154062146,1.0
18.706974355810456,0.003093438957522925,0.0,0.0,0.0,0.0
6.443678247685978,0.006754727197659473,4.194702424102191,19.20500520839151,38.992713348374174,1.0
7.105198934880702,0.0010070693332817336,4.271077577790326,9.932244580229197,44.36961115956669,1.0
8.686652621096304,0.0032559172206563986,4.575643272629315,15.497730725502423,38.53464436315052,1.0
12.321140093350895,0.007352886589820481,5.2931147398072556,32.37014910144078,39.20675583438191,1.0
15.822924410625838,0.005825144985399003,5.916503857433181,32.52154172059287,38.12543194518071,1.0
11.72678804489321,0.006613266888133807,5.1722807093153556,28.66441937353305,38.85389896775669,1.0
17.49306926206678,0.0027156284430480135,6.162423085758641,22.8327954775276,38.507113492868214,1.0
16.83926390854493,0.002389197933056914,6.038102778313155,21.31253954819333,39.202881642975036,1.0
9.596125449000192,0.008301957012078786,4.796801992698386,29.673014644305546,39.84615031681644,1.0
3.009273176386954,0.004951291441256443,3.5516353670126697,9.549359293031417,32.73762936301494,1.0
12.153441968321593,0.00690568044970668,5.255489192220919,30.449456641750697,38.976182830229305,1.0
2.268054920512195,0.008421892156270289,3.425001643917636,10.479963097467117,29.69319349267781,1.0
16.506502000763327,0.0015268666825911578,5.962323765494734,19.05829184972216,42.447140006342075,1.0
8.79380338716737,0.00423726506974776,4.604838247655039,17.62992362005299,38.248463513671275,1.0
19.22020015079302,0.0023475880233733417,6.466777023256844,23.28064147837793,39.182014981639085,1.0
14.826323799416842,0.008047882157855527,5.771611080249359,40.3663096014127,39.438467934398204,1.0
10.703293832711912,0.004199371621448322,4.952852190178573,19.913433995075604,38.10221599366145,1.0
8.42318527723475,0.0015422333350198444,4.511801309113089,12.718698200314769,42.7710548174009,1.0
18.73990205658077,0.0041049171084388955,6.4171467200116465,29.156435957806174,37.41304221282228,1.0
7.87686675245879,0.008559166750070714,4.47731526643293,26.314075478068055,39.953547672074265,1.0
6.3542179024061545,0.007731359078112001,4.185451029107859,20.926843152320366,39.398768866814606,1.0
5.112487800863064,0.0028585873199764075,3.9250598240232497,12.259060230616074,42.256491803959655,1.0
5.278370128305506,0.001413040748325831,0.0,0.0,0.0,0.0
5.444944958221657,0.004895595020459704,3.9977788653848054,14.294393636015899,38.18684446517082,1.0
9.732006877575987,0.0032013369008012807,4.764659858130544,16.488689319032886,38.502947451912625,1.0
11.880612396408424,0.004135616390326412,5.166796855821821,21.17337366214842,37.99763017981063,1.0
19.257036654633033,0.0040956781503360224,6.5112420708989704,29.716396119119945,37.37527642189308,1.0
13.099946607679078,0.006472105722885513,5.424479546201759,30.595636142230614,38.67421186401958,1.0
16.3589330532214,0.002233764665543958,5.948617986665244,20.49272691802253,39.62838261205183,1.0
18.113346383135642,0.0071495111268707785,6.366760467336452,42.68119388120726,38.69583469676341,1.0
11.083907924987688,0.005307248123842677,5.0363597738643255,23.497603937717948,38.309599790035854,1.0
7.3723022088493115,0.0020653069401521426,4.3274446638311606,12.45158528524345,40.79706198445891,1.0
10.441026518281944,0.00440538742299198,4.907450137050293,20.117934836449894,38.13692551127066,1.0
3.123243549311073,0.00415199420309678,3.42929720562645,8.792677873435442,33.45274686267186,1.0
14.599275788876474,0.008160040966847096,5.73112396667316,40.36834848603692,39.51749002204911,1.0
3.8294616425474524,0.001332085693606144,3.013853285214571,5.96288860828732,37.720406042071545,1.0
13.582550087236736,0.009875678681592955,5.569102633240197,45.384306349722436,40.53646898474045,1.0
7.07934545050373,0.008075173400889304,4.323633118147301,23.29462307845556,39.664144485091384,1.0
2.9011756558739408,0.0021834913932202923,2.606367219337465,5.531334342665716,34.439104544708975,1.0
8.31021712605802,0.0027937704930755996,4.503058688153329,14.297229483386475,39.02270782549584,1.0
15.534104855194574,0.003013221079194465,5.813449186011767,21.861464301796588,38.22816624106907,1.0
18.312591004267937,0.0032152131391344862,6.32082307613715,25.25898725548814,37.82509730057003,1.0
7.986449811673674,0.009766836049512607,4.509553192588045,29.65279770421563,40.51961651744414,1.0
18.883486300943236,0.004724987646067148,6.456681572633413,32.03101600157104,37.46319497325028,1.0
19.451264801309836,0.0010667629247563739,6.48098512551454,20.4266983075442,45.596958518150174,1.0
3.4201870638162215,0.0056513138293304375,3.6297242282895406,13.179259471952525,39.85295426863378,1.0
5.660519792361977,0.009981567540660034,4.071405422579734,23.42769636101855,40.11831643940813,1.0
11.4761847387306,0.005601159028200877,5.1123268965902495,24.97743589624865,38.392279470603555,1.0
1.5058942865306477,0.007159046908690855,2.160980860985746,6.1312139052497905,29.609774208338596,1.0
1.4915010105716426,0.003907050376081359,1.5924538884404338,4.040601812250567,33.89077049471096,1.0
13.77417552513929,0.0019567121406997585,5.478500199302014,17.678522553653693,40.6147876522452,1.0
17.866314625925366,0.005391052848810369,6.284166057517194,33.67599998281796,37.76670553887272,1.0
3.307239542290561,0.006833842165672363,3.613492463361355,12.848074168444814,36.43667796700572,1.0
9.562254384046813,0.002554949283439033,4.726964852006177,15.084633422483297,39.306864715253795,1.0
15.851582846677932,0.001254624656099827,5.84004960442844,18.059277266075572,44.12274483664236,1.0
6.059351939492491,0.004520794437807065,4.107768713221434,14.585041351468872,38.2570041612438,1.0
15.653033219995688,0.007296237604603068,5.912171585095097,38.68231764172957,38.94484595454703,1.0
17.037479511287394,0.0023387667839699405,6.072909323661967,21.352235037443602,39.31575604202179,1.0
2.6764831455861833,0.008452211168041058,3.5016334194933427,12.411508489870004,33.955575000575216,1.0
10.164097475434994,0.009223720659189694,4.914442814786106,33.903364433506475,40.30303725416699,1.0
10.688825317542669,0.008266178413306,5.000943688301329,32.058658406143984,39.79159643118307,1.0
14.979764985749222,0.0065449964307436066,5.773666489858057,34.16149008617124,38.56641133012324,1.0
6.0471021906919145,0.00104145847353292,4.082017457324745,8.579646824816377,42.164391542057636,1.0
12.426272888674816,0.0018948674284400327,5.235111414119085,16.43535471225216,40.88985337755947,1.0
3.638313622501993,0.006438802799762591,3.6732209408057934,13.156795418401135,37.06537990200884,1.0
10.552538677175175,0.00549389110073065,4.941009552657017,23.242789205172496,38.4246673210504,1.0
16.951383028015293,0.0065413818214989355,6.138661249884352,37.57455822470766,38.41829002980901,1.0
11.697378524044053,0.001469089468107952,0.0,0.0,0.0,0.0
6.6413291410084305,0.009492686584633196,4.2530868669882,25.270894369743296,40.221420993134764,1.0
8.407996981185331,0.009871238072701263,4.5903042331573225,31.11013847250596,40.594235776964716,1.0
3.47418581507453,0.005103991572080035,3.6374715569414096,12.148893803182336,38.86389235221452,1.0
8.092215516381465,0.0014299917519947777,4.451399818936701,12.3911642953223,43.573029333401614,1.0
16.690132257391994,0.0035870062787637037,6.033591944193202,24.889118203393796,37.70062573791109,1.0
17.287317871317747,0.005117451249142308,6.172284408728862,31.639904376509186,37.70465601045807,1.0
19.868187215854245,0.009887973058528447,6.758312628261174,62.39360134385718,40.2928021761958,1.0
13.814595730324966,0.0064632935050004635,5.55660113730168,31.80464163267436,38.613023650884784,1.0
18.552631892796203,0.008504881357724592,6.478356867582172,50.90876782141766,39.503894820299415,1.0
14.653071311355353,0.006139860925267881,5.706238866929379,31.945169207016338,38.37703337961369,1.0
19.390996208317787,0.0024054129537192928,6.498830341041775,23.602017434114604,39.02938202214775,1.0
11.3223038495919,0.0059195953754419,5.088185227154321,25.72637926517491,38.54515697529081,1.0
1.3717968864721994,0.006010512747099682,1.8009884784891672,4.945894157837419,30.888709117282804,1.0
17.977803582852598,0.004914714841417898,6.294803043768589,31.69117552382518,37.583554493709855,1.0
13.03490137323816,0.00535625564448586,5.39553750622874,26.519049588618646,38.15654315442096,1.0
14.534579175547007,0.006060548566024376,5.683011987019845,31.43506714648313,38.34637227459446,1.0
4.809450040453955,0.0048599093309362185,3.8811283878146408,13.318790671550547,38.0005904855208,1.0
4.381414658425374,0.0026506418435260945,3.7917606260279335,9.40252992800793,37.28599092842331,1.0
5.637378982201213,0.007028433921855846,4.047024601473609,18.082141856268812,38.91136700257121,1.0
18.649591040679848,0.006875777488281159,6.460416909555915,42.247328964815765,38.497413210442474,1.0
9.402385376614957,0.007805650348829514,4.754952297187311,27.79460816445032,39.59879591185364,1.0
9.372631504506336,0.0026992632291337726,4.6942269509253345,15.161235377760883,39.083302906708276,1.0
18.772319577975075,0.0033009260558931226,6.405999235778484,26.029890646690905,37.72136723175757,1.0
14.279291830743942,0.008175017212961946,5.671519528246087,39.730561800153595,39.545309083373006,1.0
3.8675006697503553,0.006461591773195181,3.7157320616700646,13.63658241505052,37.40178050191556,1.0
18.973828109603012,0.004253879331781988,6.4630158384368315,30.062612860245782,37.39221068782475,1.0
8.176496758111151,0.007788785623411773,4.525976408684553,25.084796796944158,39.59730975393297,1.0
2.311992314490753,0.0052299236198438655,2.833530289469158,7.579063319630635,31.856209206535002,1.0
13.663448902573421,0.007637555331492362,5.547547075676292,36.17456360041906,39.275894532480166,1.0
19.077417805401044,0.008794725953677815,6.583401782041284,53.77909046991702,39.65725508738421,1.0
4.447413885018172,0.00104866167860088,3.3441277595007834,6.440999277869338,39.84326788344291,1.0
3.1418190376328727,0.007516031241241654,3.5853381475423194,13.033897888325633,35.96283720173973,1.0
18.511477136885226,0.0043273183906621035,6.380177549674881,29.82299341526576,37.43014058826373,1.0
3.3478820940911156,0.00537569763135051,3.615344464913443,12.081743301978761,38.235903714511075,1.0
14.137855438164223,0.008905907289791216,5.65747704989785,42.58086900090199,39.97213571627849,1.0
9.170174035918938,0.0060419682441131325,4.692570741516604,22.523686077731938,38.749038359245105,1.0
6.282235440672752,0.006815655314195468,4.1652195748840475,19.004174734153995,38.99047327188951,1.0
5.253137272543564,0.002027892683843614,3.9456536864054743,9.826281322166315,39.74572236058228,1.0
5.761949646489391,0.003149695845449451,4.044453545155797,12.305165388778118,38.92057688887824,1.0
14.46150614388705,0.008912831735148431,5.718434239741808,43.39351502150799,39.95951830184729,1.0
17.253900967906077,0.005987759047973889,6.183523860638124,35.49323079888587,38.09592259712364,1.0
13.309888366028567,0.008546628111124457,5.496084044936496,39.100835393536734,39.81263322598365,1.0
13.336478736746281,0.002494212868640596,5.407696275837992,18.43892926077475,39.17869680470444,1.0
10.867212249117127,0.0031811103240472764,4.970254564846857,17.62159540779256,38.432493931273484,1.0
4.010058205503286,0.006945030371830538,3.7443899019369975,14.494810543675099,37.69968868823918,1.0
8.256112265896702,0.0037634083316721917,4.5022731950392,15.996489687430776,38.326704312861395,1.0
15.497743574077095,0.004414149669566464,5.831406492900492,26.48636410354952,37.68308843327702,1.0
2.0646228080216527,0.009246359247220757,3.3888768016297166,10.060149173229867,27.581258650222708,1.0
19.030546320025984,0.0034000960291225,6.454974906564183,26.662894572561324,37.63118772100086,1.0
11.56715794450663,0.003715116442883541,5.104115897798046,19.67140828562388,38.089980445974824,1.0
17.13721814957379,0.007166319462851798,6.1856658428255304,40.91810887531547,38.76891808641499,1.0
1.879311328076306,0.007425864987609834,2.748429972388322,7.849976699787547,29.330345877219,1.0
3.3871247601347525,0.006893004359664378,3.628546877301996,13.066516618220847,36.60090607467683,1.0
12.026222974495822,0.002359613538187297,5.169349006480284,16.96838872537374,39.54643824332079,1.0
18.66709848322187,0.0018340407794698323,6.356393269881959,21.447469970481883,40.91940798507354,1.0
13.971616103321358,0.0024390107625500822,5.521502172646645,18.88557968432348,39.254775845677194,1.0
9.498123276148506,0.002121189362274997,4.71080459508983,14.316224300517778,40.305014300436895,1.0
7.548020659009141,0.006374531829773976,4.3960924001457125,20.49289762135262,38.92375492467867,1.0
10.32130688945386,0.009379362270857235,4.946003498280441,34.815626120172354,40.37901548960866,1.0
14.844443931563879,0.008656771154276285,5.785835128096389,43.1472720555201,39.79186598852236,1.0
1.258462907329726,0.008567282619768891,1.9839953913030641,5.8112119770238415,28.196615220162634,1.0
17.728718609870487,0.009306874673068295,6.341053775926596,53.40925642799884,40.031658823161656,1.0
13.243797054121508,0.0027546592030823344,5.394810549052217,18.965821812484975,38.73146645093477,1.0
5.383280400297005,0.001520599974001884,3.9660677957224237,8.735599584273297,39.32677530843888,1.0
3.331270040752119,0.00620554433156421,3.6154988895065254,12.500698042687322,36.89949817587731,1.0
1.0419729355231946,0.004694711289192746,1.2121796476830733,3.1775307999744453,32.5964679431885,1.0
4.893784742566666,0.0024748698694179666,3.8833920951500667,10.274145140784636,39.57817760623139,1.0
16.050301562918293,0.0023144183314574972,5.894425995593528,20.425971165318508,39.4296121749279,1.0
14.389985651409305,0.0075761003151045255,5.68195954514215,37.40291382588166,39.19250973885945,1.0
5.0298560568808455,0.009603236364907803,3.9497109511671087,20.902365427243634,39.62973311745613,1.0
1.865561120716245,0.00557204222995412,2.3586499462860484,6.385012755386123,31.41916033349861,1.0
8.653794658134565,0.004969606102323604,4.586531489266912,19.089494355311217,38.37637994080707,1.0
12.095679016981267,0.006260399158206779,5.235621084024279,28.119250471557844,38.64609623119233,1.0
17.956649983440048,0.004473766759410134,6.281864988291379,29.764067716462417,37.487339408808104,1.0
4.287712647859762,0.0019151666545707347,3.7003678941103857,7.68606167560611,35.15149596037061,1.0
8.038568590369795,0.001875229708996045,4.44572136031887,12.76999613518788,41.31103979898382,1.0
3.56012899778259,0.008669513845200016,3.6681787569877264,15.344929752534306,37.40491603588248,1.0
12.417392672944613,0.0022760758437559685,5.238757728770484,17.147997330917054,39.7237843907948,1.0
1.2820454013234803,0.00778502748477186,1.9216913106989795,5.535350725162103,28.96315756337828,1.0
18.900502916542102,0.0025457997490167354,6.413281264861162,23.595150202096352,38.74094174026111,1.0
18.199622594531924,0.004752072962699062,6.332062600008416,31.267696058072854,37.52176384387724,1.0
14.364390112704877,0.005713689672288133,5.645807557272909,29.813046291239203,38.1931888067087,1.0
4.915368383104018,0.004228065016582532,3.896985954490103,12.680561639288875,38.16802435164667,1.0
15.948689108981034,0.006635454882690902,5.954764434460165,36.25337389376909,38.543938558821985,1.0
2.824183930680606,0.005311847323431286,3.487652844814764,9.35614770562058,31.7494227921009,1.0
1.0296504621672464,0.0030810487560045947,1.0441903621694977,2.377341347260164,33.07710395293641,1.0
11.60479541532367,0.00921602498820415,5.185694967319892,37.55359845506359,40.258021494503424,1.0
18.40972385232345,0.009739221869446795,6.479080406100604,57.61411907134815,40.26060814297275,1.0
15.554927948800701,0.002295127187189561,5.804759645762231,19.94526916249737,39.505343458268236,1.0
2.9548234997552134,0.007462209773163034,3.55031126194646,12.544756932966335,35.3685831732664,1.0
5.2663542717965095,0.004826608159508758,3.9646357140877178,13.9334853921812,38.135643827086206,1.0
7.703734504443261,0.005291889429673156,4.41521046463252,18.40193768953727,38.50173653753421,1.0
1.3959908919787485,0.0032486104639923214,1.4348828334324617,3.3346125597118323,33.18641645488417,1.0
14.197382934085617,0.0015520658009290484,0.0,0.0,0.0,0.0
19.9120479511097,0.009925012392825155,6.7675116369675585,62.744820064443765,40.31350862864472,1.0
13.568143382111616,0.0025219290700716785,5.449938528643653,18.713595618812437,39.10907619437373,1.0
19.347496236994527,0.009139015052996073,6.642181790869077,56.46112047565023,39.85732473785216,1.0
5.078632823846116,0.007315435247175681,3.9449705063859155,17.359350322474707,38.77707191745372,1.0
13.804983344918863,0.007766198497380005,5.576047617117755,36.992383190009406,39.33996588328337,1.0
11.160931651599194,0.007185545461113799,5.074977454409227,29.503822001332143,39.19303235327073,1.0
8.027002393791797,0.0019454510606136362,4.444264244688965,12.840402930963183,41.0454011484461,1.0
2.2144438794173427,0.006862122227809511,3.1092508993174577,8.753256641334673,29.92786403226011,1.0
17.83092496555567,0.008293044026530258,6.3385156068594695,48.130589912505656,39.41146476775542,1.0
18.012699375708774,0.006091470806099306,6.325704559040114,37.1994414465607,38.09474183317711,1.0
19.604385273049424,0.007956286505871976,6.66267163566085,50.07896541063455,39.107175334876445,1.0
15.39192618067396,0.0013892210873883292,5.759968700900663,17.935658501061205,43.25066957256901,1.0
14.80178611978131,0.008372017297001664,5.772765710405683,41.76136490209019,39.62884603025659,1.0
14.548592837158768,0.006896584217057296,5.699836089664587,34.85585298888157,38.793866374618005,1.0
6.935201386239243,0.004755582200163077,4.269753335670847,16.206670345467806,38.34981835686597,1.0
18.82341228822612,0.009652126497966589,6.5552594814626035,58.18932443488913,40.19168591410301,1.0
5.694142116805172,0.006568398548205152,4.054488449667981,17.4068104838091,38.74741562767617,1.0
5.415542636248588,0.0036059814730456325,3.9844428191590207,12.498600383353004,38.510229006384655,1.0
13.955964317878912,0.00597500444972683,5.574813257903769,30.167541631600837,38.3516478718078,1.0
8.768820850029051,0.009844961895525008,4.658269453228189,32.04778440419882,40.597816254208944,1.0
14.406457059136736,0.0021402763514968524,5.5951998746400635,18.594381934155315,39.99228395721085,1.0
8.823455164571655,0.006997211151709344,4.638446625898944,24.390096947769916,39.21073013870951,1.0
8.675619122416125,0.004824799114808208,4.589091284480271,18.788096254049318,38.338180260287515,1.0
7.828572683571882,0.003491430562225032,4.422074322183641,15.00015195166414,38.444975263539604,1.0
14.940154447765485,0.006050552377771401,5.757705319996801,32.05302555313265,38.30838301021171,1.0
13.547717758054878,0.004448017033093443,5.475664041800818,24.17241654924745,37.860795370528436,1.0
12.26331229604986,0.002637456438262688,5.215910071624163,17.771958790151583,38.98503887561936,1.0
7.277698165199829,0.0038015491975051906,4.3245560853894025,14.919305088998428,38.352851607064494,1.0
8.343703690942137,0.0069200141252824905,4.548601956439855,23.261772373258317,39.18095130638027,1.0
12.465766464425617,0.006332312854346747,5.305070527996951,28.997898021544614,38.65261976424684,1.0
15.108734246380134,0.0020199175001414703,0.0,0.0,0.0,0.0
16.02528284670973,0.0034590124442912926,5.91043608233149,23.750283003961545,37.81916202809191,1.0
19.294335726428084,0.004335462664585874,6.523305770635197,30.80173781577599,37.37193052328255,1.0
11.221023987730014,0.005592491769257244,5.065248982486417,24.557868648491567,38.410092147376446,1.0
6.6458571948833445,0.004628841703915103,4.215813938119227,15.57297567019557,38.316029366327626,1.0
16.395976643571295,0.007942109395205085,6.062969963905146,43.22995667408115,39.28055497076991,1.0
1.131110986475087,0.001248246042050203,0.8782263775589852,1.7244828022753365,38.266398718160985,1.0
13.719776823099775,0.003337932935300951,5.489850545955047,20.97172133612657,38.08283206882157,1.0
14.296205770912191,0.008403849468712362,5.678603006612253,40.75953053876186,39.67624203233942,1.0
6.312922697280247,0.008337055389296036,4.18231255344544,22.03023830188729,39.65306303525094,1.0
14.723522001551991,0.0017356273737427672,5.645728709367263,18.03365009070186,41.457294723221224,1.0
13.38063550306452,0.0056844278264685496,5.464153906253598,28.188682637606263,38.26414532483785,1.0
5.680165375721484,0.006353191615518701,4.050469600841029,17.014209478555692,38.66091256294207,1.0
16.70500190085565,0.007034214273976143,6.102716779015564,39.4657824298877,38.71972929841915,1.0
8.21222829107629,0.00968253052392266,4.551383627722119,30.05888409712684,40.49635266796537,1.0
10.453824734023286,0.00390655152391046,4.903860717865386,18.87768397954792,38.14343930515276,1.0
14.926665299919737,0.009098753730557595,5.80922901889815,45.37713279766507,40.04267918179761,1.0
7.944209125898732,0.003954212267911827,4.447236197056286,15.997896507260458,38.30471574702596,1.0
15.806639479318456,0.0046202528798225725,5.891561050281104,27.64540103615994,37.68762179642321,1.0
16.572580918008896,0.009192583923417656,6.120877252370022,49.91130384519559,40.017380259258516,1.0
9.814721185010342,0.008124121085481193,4.835643519680386,29.638413181547175,39.749637817939195,1.0
1.8483584784352205,0.0016293598123238886,1.5256997147285132,3.096072435671598,36.18965870725646,1.0
10.482202131961769,0.006186657604190637,4.936503397841404,25.144891359245086,38.7338160288699,1.0
17.651394564568797,0.003774761058732575,6.212055373751471,26.61414118215208,37.55495727179863,1.0
17.17472303463632,0.005437978073636386,6.157969168027009,32.88409326339264,37.84016791562671,1.0
1.1705358761498794,0.0057524989502724605,1.5034794193038103,4.094693439266138,31.1972723610456,1.0
4.518658892310376,0.0037987870958400916,3.822391052644553,12.00526534911211,39.19840500505487,1.0
17.462384387650836,0.0014556324976933786,6.132502447610076,19.66807224136412,42.83927626556064,1.0
3.9868545310870647,0.0033469793654814406,3.72357049519887,9.964525796500162,37.21804027636854,1.0
13.189024654002317,0.0066536218275717604,5.443770960429568,31.427602384904052,38.76341910640445,1.0
8.922602586479588,0.0017107305231627698,4.603093201210424,13.282206177576334,41.8374392082842,1.0
12.52540226374572,0.008100174705015999,5.342262674094195,35.571825940284846,39.60710525583044,1.0
9.969146352982756,0.0022819267960468544,4.797422960504238,14.986789217975613,39.85013461685609,1.0
8.63059521120947,0.0075491113918158305,4.608266288605415,25.44512438332781,39.48376553329086,1.0
1.1129030847574393,0.009711444782782006,1.8764045307636197,5.612393353282548,27.15205223880666,1.0
13.210091026840097,0.0028410692967335287,5.38999134047262,19.145282813396722,38.61174756930367,1.0
18.808893229437555,0.003212214176354486,6.4107596405119995,25.74371335629194,37.79346022367107,1.0
1.916215281876356,0.0031165956693265497,1.9518167331933296,4.455817471726976,33.04198801868845,1.0
1.0037721427466544,0.004494221654190819,1.1437826169970797,2.9743797700383654,32.89759329110484,1.0
15.447797422181655,0.001094510763077099,5.764996271921804,17.49139000004576,45.29949259997316,1.0
2.3089100477215663,0.0037020893603497166,2.4057172148251063,6.049922516291228,34.2904154510738,1.0
10.93837607225963,0.007392376282977005,5.036276861483792,29.73769986581463,39.31607524284436,1.0
7.142644049689959,0.0050505263649891306,4.310150847307296,17.06783764873454,38.4236229210908,1.0
13.41496962576276,0.0020766329731461853,5.415645871896204,17.61267787074541,40.232179355201545,1.0
16.767153994736525,0.009915650379857109,6.172281638293087,54.2081737899717,40.43073865980847,1.0
13.326804546610344,0.005995287813029781,5.459050508050581,29.227925297132238,38.41414135233081,1.0
18.93945186843956,0.005834148358964496,6.491144581285225,37.39656475269239,37.89506724458884,1.0
12.607818526058164,0.006664231920659815,5.336237246929992,30.423972295436872,38.813781669862585,1.0
12.610050460068688,0.005627081600600371,5.321406686434948,26.803928402839464,38.305724818455914,1.0
8.520389155958561,0.0027779436722026253,4.540921564602073,14.475500444845805,39.02928594354503,1.0
2.4614087731903007,0.002177089804018097,2.2092154079394932,4.68609123680025,34.45378703608165,1.0
10.2598997075462,0.0023541554710954813,4.850668704347642,15.371273693813585,39.663991524376755,1.0
13.388223521683608,0.003931771846076627,5.438658972853973,22.352863762471827,37.87866596523318,1.0
6.987781629541992,0.006126850948823108,4.290449821342821,18.96723179980694,38.791780820024776,1.0
19.22904767687665,0.007587399529899672,6.584106389766642,47.20849153280885,38.89718850070704,1.0
17.424419704980302,0.0040479889009271495,6.176147339792276,27.405196046314316,37.51945609500657,1.0
19.95631999718752,0.0026871965962885908,6.607099886619383,25.005368201205627,38.4093966918503,1.0
12.728306704586437,0.007143089861003058,5.365736901397137,32.39699253096089,39.06347877241425,1.0
18.568706042048053,0.003279045583146963,6.368599292878293,25.744376405195844,37.75302672131641,1.0
12.64785680183303,0.00882437203524335,5.3761590555630905,38.64878053942189,40.00141485543981,1.0
16.229338513605054,0.009933443145736232,6.07088229933372,52.84467795418139,40.46271311903423,1.0
15.040777422732857,0.0031417455803778517,5.726268417724761,21.75217193556318,38.13352185434662,1.0
10.24180345925024,0.008706301765409184,4.922675079186047,32.43820364509149,40.036895319757406,1.0
19.775053046674437,0.004378198601775646,6.612051778541118,31.573718745071183,37.34011351552032,1.0
10.977161409272558,0.008206770497174293,5.054139394352597,32.51287881517296,39.747367377488295,1.0
15.748222853632225,0.00628821315381768,5.911225129206032,34.38132970229235,38.368383824689865,1.0
16.93683404248764,0.005877696671733577,6.122854827267853,34.490280337896564,38.06400799316475,1.0
15.177277925207482,0.006858812797693009,5.815829065282313,35.84948888354943,38.72642838463076,1.0
3.0712314711255386,0.0026779759845569056,2.957091021018382,6.525806073886514,33.55253733254991,1.0
13.527330475387634,0.0056784025359051075,5.491074546741472,28.392859856689373,38.24878499582315,1.0
15.076232156710518,0.003582053237493059,5.740165808728399,23.141121235901178,37.83397476870479,1.0
8.07145968249952,0.002416705438528338,0.0,0.0,0.0,0.0
17.386537468771582,0.004610512413938957,6.180383427820283,29.620318333822357,37.55476005551318,1.0
4.546105387309559,0.0076728953564341815,3.8478112031390976,16.67531005492716,38.52939430806999,1.0
7.421914906263616,0.008810690290564922,4.394236288983698,25.797270526761267,40.03574558590053,1.0
11.093451369607195,0.007694123631015941,5.069117352884085,31.05016355390447,39.46778657831295,1.0
3.1942535141762725,0.0020423373805638946,2.8102739752643164,5.897183667692073,34.78763892359174,1.0
15.582500303066421,0.007077896056620006,5.895030675116439,37.56388632357498,38.82274173717769,1.0
3.287730700106663,0.003410774723198051,3.38796784081972,8.125182419108103,33.694507707161534,1.0
18.934881056191806,0.007738784157301765,6.532682980242971,47.456035407986704,39.00797751924468,1.0
12.005961375371374,0.008575273766128176,5.251964152827904,36.17468954208927,39.89643944134231,1.0
15.25451115101206,0.0018710486462192337,5.743424655115814,18.73682560432236,40.878597652980545,1.0
5.007234877521975,0.007408337055460971,3.9322363127627957,17.345544294125094,38.771279037869164,1.0
16.324185680906275,0.008138356778931825,6.053384002986372,44.0344699852919,39.402452202498445,1.0
17.56698446160315,0.0036363421924125168,0.0,0.0,0.0,0.0
13.367242040775512,0.007039270699817284,5.48285497708398,33.22310333422219,38.96022820484174,1.0
4.740401601148764,0.006723138997441356,3.878727291752515,15.75095274139988,38.349231868261796,1.0
10.53364042449628,0.0019905191271393343,4.895798012606693,15.001433246175154,40.64269898140566,1.0
4.601839008174201,0.0022451288423842295,3.82951672693413,8.955857817450678,37.18976849172117,1.0
5.94022559310107,0.007099624090053613,4.103770698591491,18.83705080111383,39.03219151153869,1.0
9.332404819780736,0.009822711083730205,4.764594895340308,33.549677072289604,40.600797632619035,1.0
2.4978113201153684,0.006337964662656673,3.368042508169539,9.342354390904184,30.50979886556599,1.0
14.902274405185718,0.005563656593580994,5.742292275166743,30.048868490093756,38.08019703625594,1.0
17.609527452229706,0.0013856422237395216,6.157543701351015,19.646020498904374,43.26253493423232,1.0
11.49475378599504,0.008285683351454753,5.152081708968218,33.951953010339416,39.76471450794384,1.0
14.06629419536346,0.006392415974959221,5.602015535677128,31.962321592540736,38.5555641773874,1.0
4.616675667299369,0.0013019978526867411,3.615787111687648,7.134633079610329,37.90953007436361,1.0
18.388558569290108,0.00923345202128635,6.463765482304293,54.645453861675634,39.957722756188616,1.0
8.468183013441642,0.0021029910098243846,4.525120685277868,13.40391304875132,40.45142984444398,1.0
12.930630468667184,0.006078112903603629,5.387195388270109,28.88039470098654,38.4876596833957,1.0
10.211980076442542,0.007715997556125622,4.904973554908813,29.260875537479087,39.523706099012244,1.0
10.636275192511283,0.003471620759270984,4.931861088277801,18.043897782581237,38.264330868221776,1.0
11.56090460328681,0.004353393364557609,5.111353249793356,21.39285961752816,38.03328435749483,1.0
16.879620212233775,0.009806144029180446,6.1912999962280715,53.925432067501205,40.362792596032314,1.0
11.664469135458248,0.005952925717051157,5.151743107555827,26.38731542601482,38.53271484434092,1.0
12.36605800349976,0.009131670809205655,5.327810328615903,39.15531586793541,40.18222315927353,1.0
14.75883669286066,0.004110966457065832,5.691316671140183,24.525482509612168,37.73827246959071,1.0
13.748657578022076,0.004246492193454599,5.509226148275381,23.765734118898287,37.82714285911632,1.0
1.8242311651121867,0.0021650533814467294,1.6344333797064254,3.463562789824284,34.48166761417106,1.0
4.082878672399824,0.003048812800507573,3.7396304833734684,9.544585004909854,36.778757644623184,1.0
11.928565029044789,0.008537028541113876,5.236898479084413,35.85274495604742,39.879425102273046,1.0
15.40446269900464,0.006955196960400317,5.859725919049255,36.68729176269666,38.76481468645514,1.0
17.08526765735864,0.00455357854085178,6.124162883431939,29.005828502514248,37.56888530601051,1.0
13.503870010959433,0.00801469059671706,5.523858356238024,37.36808088942908,39.50048765420014,1.0
9.15982175689816,0.001197008319809727,4.640541558538706,12.935221371027387,44.77032732453853,1.0
19.09686999345926,0.008665267396156959,6.584077045082483,53.07118839386621,39.576126895574525,1.0
9.295467892782108,0.002573274926739124,4.678972416679074,14.867037244134142,39.292622720310234,1.0
7.7733948456601105,0.003924198136882846,4.415853627803338,15.734373913620542,38.31519830805088,1.0
19.703825349554805,0.009422060193205954,6.7160280714098395,59.06676068416834,40.015885878958905,1.0
12.138090963548047,0.004574738385925812,5.219829814137598,22.77144658863223,38.009097867603586,1.0
7.905681517969351,0.008703232348624398,4.4840899298504615,26.742275210301873,40.02287895899235,1.0
4.584608142943889,0.0010197168345167055,3.431482552228928,6.589400420589553,40.11104609847631,1.0
16.136986734720537,0.008937692490388966,6.033871014360095,47.55352460217541,39.88840646995203,1.0
8.49609654329991,0.0038755855007553863,4.547019281731327,16.502304597866523,38.29024626768721,1.0
9.885954488617177,0.007825587641161574,4.845445007083442,28.897240874898298,39.593694499980266,1.0
4.399423477336157,0.0021569377375424623,3.7925994302361143,8.34406079909134,35.75569363784153,1.0
1.3234529911941846,0.0036523042993212083,1.3706767048359971,3.439154572561805,34.38971566431792,1.0
7.237419888298151,0.004960261154814309,4.326784707804599,17.03008134982016,38.40271577884081,1.0
4.908769113662342,0.001201235528753832,3.782486586307991,7.394984029056206,38.60002137867933,1.0
8.316973980483679,0.0026274824674135198,4.502736854682862,14.035780298507476,39.271982700117135,1.0
18.8502667361423,0.009123387357770268,6.548221125642662,55.149840253419164,39.86994748254764,1.0
12.48259309037865,0.008063685769792273,5.333713128689327,35.339870210105474,39.58934565757005,1.0
18.681270810019928,0.0039785786383838805,6.403776638180836,28.56702123476474,37.43107172561483,1.0
8.865012171339767,0.0032632414986246334,4.608068300437596,15.70073697960394,38.51806268253771,1.0
2.820428552257718,0.004170177906510446,3.1030965546880043,7.962392727976833,33.421714746961904,1.0
15.781028915704676,0.006600393948744309,5.923053753869381,35.80268395805663,38.53668378174648,1.0
14.703885642911263,0.009310327015196667,5.771072360334523,45.7987661329832,40.17421285689145,1.0
13.979883566859415,0.0072095134830409595,5.599456921190615,35.06873998617916,39.011370068569086,1.0
10.177256156104788,0.00641746081192719,4.882910367391544,25.29444989076487,38.865081200168774,1.0
7.7467772146398834,0.008385135524483374,4.4512979539170034,25.57562419897928,39.864177434299194,1.0
2.7259815272098082,0.0034358029378981896,2.8102320293689043,6.772375398618125,33.7724569683733,1.0
6.394760510669491,0.007972340200618076,4.194850383305001,21.497163168325095,39.512227422736025,1.0
4.678693070886556,0.004367837388119914,3.8545406712679564,12.5594520059681,38.10816057494306,1.0
11.637487428829003,0.009072555919937355,5.189829990278635,37.112002009197056,40.1806156426143,1.0
16.379937704135564,0.00899161781090398,6.080614987466923,48.41169128672379,39.90807317781183,1.0
3.0499477239350474,0.00289122199155477,3.0198517617341714,6.775834259824206,33.28141588335167,1.0
6.686236930421388,0.0014936178053421192,4.199694551035423,11.025790510587518,43.18585461782517,1.0
16.749511389840315,0.005663875532894385,6.084161230072775,33.24929051104628,37.975005191389414,1.0
16.46652039026942,0.005071190303687894,6.0207889955806095,30.31209919586048,37.754838839864924,1.0
6.10242823286816,0.00266585358906633,4.102866948726026,12.075253648171584,39.66195188770364,1.0
9.6969026059695,0.004121704969300919,4.768376580285653,18.488171590663633,38.185647957461526,1.0
11.73841107349916,0.00615538824747532,5.168150042216467,27.166827567129243,38.62305826000203,1.0
4.060753810388509,0.009955628838832047,3.7684777503121074,18.4493840405607,38.76635464744447,1.0
18.588054185270227,0.0019400279883298103,6.344357890234365,21.64116017889735,40.49635374559402,1.0
11.365621267856135,0.00897840725562666,5.137378724651255,36.09771035017369,40.1411547043742,1.0
14.037506160067204,0.008939333138296021,5.639181216719149,42.4837834643626,39.99620059799954,1.0
18.132405364194696,0.00293878651745514,6.282526986075065,24.13906271663006,38.13627463843714,1.0
16.90560971409486,0.003417313995850359,6.069522764692613,24.529244507887192,37.77558015496204,1.0
3.5357464888989605,0.0040167608119905975,3.6443751742894523,9.947612622859593,35.920442607035355,1.0
12.199929517894915,0.009085553837214756,5.295856822366709,38.562947720351254,40.1644270092547,1.0
11.96062423163657,0.006095638827476633,5.208361300876185,27.340028778971813,38.57618745120146,1.0
4.763637085018397,0.009434793889277086,3.8984682451573436,19.856941181958135,39.368419922672985,1.0
3.700342856464716,0.0018886840734159247,3.1805369415067077,6.592218239653296,35.233984888903166,1.0
6.950190986172405,0.002045808413581425,0.0,0.0,0.0,0.0
18.594477531264168,0.007872323440991858,6.472130054097033,47.48922453169341,39.10999099455071,1.0
3.440854794807452,0.00877359428786231,3.646224324529049,15.103777549577623,37.14350583396801,1.0
2.706291277532216,0.009907073916745245,3.5119914978326148,13.640896119802267,34.51569946241295,1.0
6.917539455459059,0.006523103944280406,4.280680243653295,19.649324355408748,38.951991125080696,1.0
1.7596716038294589,0.004508738741335494,2.0081772392794326,5.225278171660598,32.87526057841272,1.0
2.4769294871328817,0.007453935108026961,3.4612831208744446,10.570423502326303,31.272068492810508,1.0
1.6038779654124153,0.004389262255060303,1.8073487985116503,4.679939395085442,33.06181875630912,1.0
19.75713826225479,0.009786759300385302,6.734862346758071,61.463655901967684,40.235854709546956,1.0
19.2018346260504,0.0065542670288455535,6.555637191072996,41.52965084006934,38.2721880725725,1.0
16.279734425540674,0.008278346143659236,6.047796653041922,44.622832320945065,39.48880688117298,1.0
19.443474607429348,0.008871658691736579,6.6539645611826685,55.096896583985846,39.68777553271109,1.0
6.238043750141186,0.006020614990510863,4.151222254283667,17.443368554085968,38.66356415726662,1.0
15.240643017669147,0.005733179148363441,5.807550810070757,31.239246010788737,38.1289537007979,1.0
2.3724454598390676,0.008369628789314094,3.444414821033132,11.088396049168706,31.228944522243335,1.0
17.84133506225329,0.009160130179842397,6.359101968685202,52.8782029093156,39.93841016584776,1.0
15.095219718583689,0.009605021359747019,5.850232867935258,48.18873308301913,40.32366386262843,1.0
6.9838949787991025,0.009662537589760253,4.319167148582334,26.5981434586512,40.3575886723839,1.0
1.6760742095548975,0.00388917137152684,1.7857778339417452,4.527635313385118,33.92434494313367,1.0
2.7706269060109676,0.006807464799657378,3.513864841411415,11.389788036228166,34.22073733679084,1.0
5.47394733812746,0.00525260478254365,4.005340669727254,14.87834070277675,38.25595982147331,1.0
5.840950463510222,0.009397121716249453,4.101392570166673,22.85725088307222,39.95834975394537,1.0
5.939253894739654,0.0020169150207801157,4.0690940970956015,11.433132806457493,42.39798528493642,1.0
16.552225340486913,0.0054078336657792485,6.042932329289639,31.84705635114969,37.87679176399495,1.0
17.519431264709727,0.00550385336904473,6.222685467020147,33.68382240343384,37.84221280607502,1.0
13.26293947588004,0.008604169808538129,5.488197057419722,39.22640301740356,39.84749694059007,1.0
7.474937900533966,0.003995847227302707,4.3620996899651425,15.506077831096935,38.313704319639704,1.0
2.5879026478095692,0.0015788717487387562,2.1190818338322965,4.282213730567305,36.412025035374505,1.0
17.195170471996843,0.004869843288944197,6.150484209709912,30.456482758802963,37.63227615850604,1.0
13.929353492726321,0.0011326135045410415,5.49379138737865,16.408593992774694,44.98381128183384,1.0
9.07272046298501,0.0016042006890839588,4.62899937005051,13.27688510780995,42.314874109248514,1.0
2.1024634447795014,0.006370760534045752,2.842370091755096,7.891876355138856,30.472537775085733,1.0
7.674178948984003,0.004810524188302556,4.405534438013771,17.354747489309435,38.3689862312457,1.0
11.462836035250637,0.0062407612401310635,5.118391202501605,26.97900161168241,38.68644329342581,1.0
11.535329351584389,0.004923477122451745,5.114202832937594,23.006592128399614,38.144356020141814,1.0
11.120083439548115,0.005945829542050477,5.051228599304327,25.47920418312087,38.57336485860454,1.0
8.701178498420628,0.002899893656156027,4.5748039821142985,14.862774809110602,38.86221662345871,1.0
1.3506728528717948,0.0021314381693247194,1.2041686257807311,2.5449434082420197,34.56147097844427,1.0
14.327404928608653,0.009561308047654735,5.704493382028679,45.97629267160623,40.33264304534613,1.0
12.953116238222732,0.0046020441319377945,5.369286923363208,23.91109756284416,37.9390159700877,1.0
3.248335710514586,0.001674939687609091,2.7006783472064386,5.501079981393341,36.000079983399786,1.0
3.7793817698558594,0.004926630098427114,3.692701200679912,13.284365223004924,41.05680839057227,1.0
3.613989176844145,0.0021082260097527324,3.2109382472737833,6.773567631485102,34.61829982489575,1.0
19.502346883393287,0.004663901102077496,6.568602602557141,32.544075001310205,37.40364287979799,1.0
10.75241773645558,0.006930282861586146,4.99579233130399,27.897753982963565,39.08556629720659,1.0
8.555355754182301,0.00954974551667459,4.61481987361784,30.638057504491194,40.45141677897819,1.0
7.893920213541207,0.00569560788907734,4.453832456840152,19.579324490819708,38.645260334699955,1.0
9.08646884452041,0.002944632732664691,4.644991684636687,15.327641775499934,38.78559961937641,1.0
5.596154946930004,0.007916560077143303,4.0452599984679605,19.534231732577524,39.259241537672565,1.0
8.291696360317411,0.003786660587637886,4.508966148422982,16.08363560528047,38.3192465882038,1.0
13.892067042474299,0.005048100349596166,5.548135833950271,26.66860653335064,37.969056291101296,1.0
14.679642605566467,0.009849800543515096,5.776150258186254,48.239202499542074,40.47870118684971,1.0
7.344067583324767,0.0029908899419186273,4.329932157378252,13.653482288329382,38.85432782760965,1.0
16.346874784862454,0.005791120894638057,6.012433626302221,33.1892697646716,38.067252750296085,1.0
17.361886509237262,0.0017221289077725425,6.119568562482814,20.137598169555588,41.44973837725524,1.0
8.970575056209825,0.007697444885406956,4.673200225124328,26.563440802382424,39.553477458158035,1.0
2.5973168694178854,0.005094426433961503,3.142806728917566,8.364824376802478,32.03626796354026,1.0
14.115406599793594,0.006673139046270562,5.615741858361665,33.15944101995276,38.70266581809494,1.0
13.621776387600981,0.004678876706014449,5.492790131048772,25.031875963014112,37.89304585426203,1.0
14.183757972487733,0.006576727489162219,5.62680448838948,32.895677354438575,38.64496518231298,1.0
4.48758532227216,0.0028691144606333985,3.8120420058154423,10.268461328333219,38.797355847851996,1.0
17.994840547508858,0.008087364375648023,6.364777609830921,47.385400185348686,39.27622948611974,1.0
13.850459771239754,0.009616907428971425,5.615401760366533,44.97254002864225,40.383983084897906,1.0
3.889900061993882,0.007536007368346675,3.7248019820413245,14.922506189466127,37.69203936457043,1.0
5.790394721422404,0.009857183764731995,4.095106545440011,23.580482191981773,40.123284992500274,1.0
8.57574239202999,0.009631822798945398,4.619525358086872,30.919267284392344,40.49073060843573,1.0
12.184885094061853,0.007215344969843227,5.2657740558144015,31.60656764947193,39.14095009505391,1.0
16.6691911309107,0.004445816502050257,6.046029676849077,28.056384274930572,37.58749901511996,1.0
12.275993553585426,0.0031661787005362752,5.225464577913948,19.029444841493447,38.33204072799094,1.0
13.879775985651765,0.0012297513827085869,5.48639238604387,16.514521788069047,44.283948487700904,1.0
15.928976358127843,0.00332152167917762,5.890479657890183,23.20369884196178,37.91587236849571,1.0
19.74808142330079,0.004343878875675687,6.606352856517829,31.385914846891986,37.339402320211505,1.0
9.522118128772386,0.007525727100065325,4.774132746536143,27.246233205618058,39.45320807916666,1.0
16.497726215300617,0.007220971850121447,6.067854679543408,39.96256660907509,38.843709325722536,1.0
12.453806800052538,0.0018458879626182725,5.239389948917231,16.37258694654243,41.073279134063014,1.0
14.426022248215427,0.006406257958975815,5.66879236018969,32.6338245412563,38.53446052207433,1.0
10.629276149421557,0.0016809175213310617,4.909375970917723,14.616371158314085,41.82795652514889,1.0
11.037038503755003,0.001271107646692354,4.977651083677917,14.399866219477245,44.03893841867376,1.0
19.370290627117402,0.005147810548842515,6.555194039541359,34.65623553116509,37.5579752995586,1.0
12.693256889940306,0.008040986742612204,5.37275417502605,35.71319902591646,39.564308526995376,1.0
10.060019485796166,0.004319518536385597,4.836860265706592,19.41720362869078,38.16113194466258,1.0
2.870783536481015,0.001746082797911479,2.413595218377635,4.9450509341792825,35.72376972517961,1.0
10.834807529361985,0.008488724904461536,5.031163349908387,33.132333099268926,39.90299969908753,1.0
12.34374175279111,0.001660970127793026,5.217080474713564,15.974349763900276,41.85604497926426,1.0
18.79153924362211,0.0062217710993725545,6.472356978928382,39.113606934411024,38.11085859138851,1.0
10.333211079446565,0.005780596318230084,4.904097872574401,23.719012850381155,38.560355423868096,1.0
12.533857694631727,0.0031566997093766536,5.272078335422809,19.267897994068836,38.319327994251154,1.0
15.646764773696065,0.006423299851868828,5.894939755220068,34.795014409269704,38.449088542893215,1.0
16.240344015296998,0.0017797315945536811,5.919082776460844,19.353747962899774,41.22287024886057,1.0
14.10808265622152,0.005859032653613817,5.600976896964083,29.96879373267922,38.28288051392213,1.0
11.643444751418794,0.005892533476664922,5.147047456157219,26.159411862286063,38.506534192602146,1.0
13.653706351804232,0.002205490022573853,5.460585678620713,18.084524774809058,39.843243195774185,1.0
7.129858224060477,0.002313579713210474,4.285753977440096,12.532488501001255,40.107325043087265,1.0
6.146906915821128,0.002760611596966063,4.111555666016,12.210292753099806,39.424790895663406,1.0
9.237405216700111,0.0013458503502812632,0.0,0.0,0.0,0.0
7.637499355043909,0.0062343375519777365,4.4113919668148,20.34258157337668,38.86516346044942,1.0
15.872537620661678,0.006746663511458114,5.942727831689649,36.615198789538695,38.61224882677807,1.0
15.693556944275631,0.005660464449821788,5.889661674883573,31.633768397745442,38.057999660239446,1.0
4.236400027974289,0.0011793527220607775,3.2528922672240905,6.346487931204719,38.76262237503643,1.0
17.166779789258467,0.0011416783906709027,6.073562690816585,18.86016614276068,44.95839371772564,1.0
1.7184357636137797,0.0096258616479072,2.883537518970418,8.61233206919908,27.227154104849095,1.0
1.9851630475332165,0.009782581022715446,3.360306519453207,10.062737385760299,27.090053488639466,1.0
18.75345514705792,0.005966554481514028,6.459744667782836,37.766785668896,37.97627387747041,1.0
17.356356787494267,0.004569936279121903,6.174057825671743,29.414339304473,37.54976673230986,1.0
10.666523101603342,0.007301770623863163,4.98452514333087,28.90162798691599,39.28408762367992,1.0
13.159887640606003,0.007648288450039824,5.453825994751148,35.181369695291075,39.31507057061981,1.0
6.599591244277997,0.009735713477771395,4.247166322915785,25.67449171085148,40.31536938663995,1.0
14.621012958981273,0.003268416040642348,5.65226285666737,21.70056152813243,38.05915389079689,1.0
11.399936456663347,0.0026437830010919046,5.059983455165467,16.976713126540435,39.03305596963279,1.0
16.296354959357537,0.008792831377611702,6.060984286832692,47.210807881982944,39.7945702449716,1.0
18.497600626307285,0.003073595429366685,6.351432683763174,24.94684013845811,37.951956616013696,1.0
11.231769179772105,0.007441358610358778,5.091546348648533,30.492244795590167,39.3246756904054,1.0
5.5302252802921865,0.0017628675556448825,3.9939143322713044,9.636846819753524,40.1801084638528,1.0
9.417290745758407,0.005059243454553753,4.72747593403447,20.398309797829683,38.356708510610346,1.0
3.920373939798756,0.002328605907790436,3.596677422182153,7.7216044236954,34.13155565996917,1.0
14.50993763546568,0.009534650262260306,5.738477990769659,46.331068430397686,40.30970805844258,1.0
10.138888748771395,0.005108151336531215,4.860413698340144,21.562116891146815,38.31882285859109,1.0
12.836163928125776,0.005558683837177059,5.362016130837436,26.91582900227821,38.256662218637565,1.0
3.158479351440646,0.003495088160704902,3.2592357486205894,7.945100914505111,33.95682290347889,1.0
16.044078349916198,0.005393279133945084,5.949245847540147,31.047415157696033,37.91205917944481,1.0
17.128565258980185,0.007611305480348878,6.193083227246378,43.10984805088151,39.036623903507476,1.0
15.273471345705472,0.00464056816440094,5.794381632505738,27.03756495045609,37.7376596115289,1.0
13.446751509730385,0.008447307707311802,5.520146620728119,39.0091045119186,39.74909163565138,1.0
19.929461655567362,0.004543195045215942,6.64400763929251,32.52166978485179,37.34984544799423,1.0
5.229766317211913,0.0019751576714273364,3.9411413231658026,9.623460737782452,39.49124591183721,1.0
8.897014625815496,0.008996903301046192,4.673340159754632,29.994873344271593,40.19579243276935,1.0
4.201367103946447,0.007407078553810789,3.782195274945525,15.504303581050433,38.08072896361394,1.0
19.807261219118736,0.0024658771290788665,6.575271886226737,24.154159666074754,38.86602622648331,1.0
9.213712948174367,0.002304954029599784,4.661455057971879,14.350215434734391,39.845812675808006,1.0
12.98326577712053,0.001362234841077811,0.0,0.0,0.0,0.0
10.016985396845776,0.008231883886523846,4.874764211605717,30.423605954151302,39.79882965447113,1.0
2.8832366327834906,0.007233581263656473,3.5361986039774056,12.869546069357401,36.62290791038495,1.0
1.6114839675718398,0.004586005268895464,1.853930946956676,4.838904941749918,32.757810943413325,1.0
14.745109650289965,0.0018255617061258096,5.651071310567676,18.22574026317668,41.07642042679839,1.0
5.779297175629904,0.00862623587186315,4.084379866009159,21.256727567349465,39.62050223200459,1.0
5.170166775193105,0.009463521035776124,3.975324313659403,21.078670309491635,39.666320039234414,1.0
8.122786440905099,0.00621851928830271,4.500921981172559,21.16112835895489,38.86043497981264,1.0
18.157703746439655,0.006325507308544964,6.357434012934186,38.584444860334855,38.21206668889044,1.0
14.07573336368799,0.006618304314314056,5.60748459202052,32.87042119641807,38.67585630440205,1.0
19.900269749613944,0.0015702645077278283,6.572333450885151,21.816420269293182,42.159103954604156,1.0
7.435913117284914,0.0035669571063956813,4.351380379917825,14.693168940743154,38.426954209796264,1.0
10.795793010780711,0.00924162612433281,5.033659256942505,35.581575448664324,40.297727372155705,1.0
14.001896269643725,0.00979543612852618,5.647047527888705,46.165083681459635,40.47610770426886,1.0
1.7256771252111986,0.00577710213122043,2.221231458440098,6.0543736928245595,31.167427305974627,1.0
1.7694249481248803,0.005206353600272566,2.163798313698051,5.7827465512686285,31.887217566464155,1.0
14.345823404144767,0.003551671590301237,5.606919296071693,22.260938756345936,37.909256199418955,1.0
5.898133324450985,0.0028029529647690785,4.066848545271645,12.051471453727682,39.47722931114884,1.0
8.585176375582492,0.004738098114449163,4.57167235998839,18.46657000968075,38.32334635330369,1.0
8.16197449847811,0.006959851503858684,4.51525562496632,23.006190459664964,39.200056174332396,1.0
4.228938995927497,0.008639787226460081,3.793552306518395,17.199545513061828,38.538689798671186,1.0
12.942564000194588,0.002059991359815166,5.330340814413041,17.176648204555804,40.30579646405544,1.0
1.559635760954122,0.005198205227606673,1.9057951640482313,5.0917286387033265,31.897967124958075,1.0
13.123566860785836,0.00303019394654609,5.377115794051614,19.537118866886463,38.39330802796449,1.0
5.098298984837615,0.0011442643255769127,3.8926374478212744,7.569200648282877,39.03376200098466,1.0
8.135691951116119,0.001784434961215209,0.0,0.0,0.0,0.0
8.726453533426763,0.0032315293228532857,0.0,0.0,0.0,0.0
3.849380550798065,0.0047838285751106695,3.7049005392170082,13.249309153429945,41.19939319428924,1.0
3.6701545224046295,0.008858878879192709,3.6896664705432807,15.88404275460402,37.707893506500625,1.0
1.6450335899239725,0.009338256698472193,2.7156241070027898,8.070486271701538,27.48307538406684,1.0
19.143894710166737,0.0013080082524989927,6.431037919082328,20.670537979603843,43.76522201837375,1.0
13.070224301122447,0.003107166926364896,5.368581804516328,19.682484056221217,38.3210371891787,1.0
5.205348224507137,0.00900479564608966,3.979065479642454,20.409813047748663,39.50984293001342,1.0
15.685234441326179,0.0025192680488473783,5.832165654834091,20.627369806654446,38.982676228999665,1.0
16.72812529190784,0.004434501217549665,6.056583035069988,28.08485288955248,37.581300813833224,1.0
8.464302259384556,0.002884128284814944,4.531783048957138,14.600302125625028,38.896857647080616,1.0
7.661130672896234,0.009286935709986645,4.443587821606761,27.559590172686836,40.275002646941935,1.0
15.606841767880722,0.002581391500055408,5.819091085930866,20.720124281651977,38.865423791217715,1.0
19.420699109559767,0.00906308292994934,6.654177100890061,56.18533627387409,39.80727645786053,1.0
5.185307930845212,0.009389862675188071,3.977716289990391,20.998574164990515,39.64714727646189,1.0
4.465595132298876,0.007058622276723319,3.829549290548057,15.638469979822483,38.2417420285419,1.0
14.209709085633381,0.008436739109888739,5.662957401336623,40.70580570132515,39.70008231319936,1.0
4.312747736015861,0.0018493959360457706,3.68457480424968,7.61271462311083,35.361059779192985,1.0
15.707954368543136,0.003594868083209666,5.855211051709802,23.862441833252735,37.77608593026833,1.0
16.00262898008669,0.003638466790436627,5.909561328099508,24.326601581237593,37.733684469687375,1.0
18.62466534512363,0.009577826454734012,6.516034883790067,57.23514091990153,40.15524653165284,1.0
15.220434168859555,0.004083771004288088,5.775020155960567,24.974874614021306,37.69959560419005,1.0
11.86377999036405,0.005446469528027857,5.181546092487681,25.08133240798087,38.29562492999728,1.0
7.020840148764865,0.007494629715867351,4.307843082314292,21.899259854168506,39.393564182052245,1.0
6.362177393231015,0.0013736078890218728,4.14071029913623,9.983621299789217,42.27744149552757,1.0
9.578602496176806,0.0016357641561897595,4.720163060980855,13.712637558390583,42.10442336248207,1.0
18.24055148292995,0.00790079552048753,6.406660690986891,46.90397322046149,39.14755641260068,1.0
4.275876107594908,0.008593949951642314,3.802124181038831,17.265776666168108,38.57945989111233,1.0
2.4062720894079277,0.0022124246154779864,2.1709087224247985,4.617820144788694,34.37397517040577,1.0
16.15060216465553,0.0038482885117056146,5.940297539247089,25.216330835412805,37.65550702789797,1.0
1.2126290164210114,0.007590880951249427,1.7938258505830706,5.143783251731838,29.160396594861602,1.0
14.159569265763349,0.003985678966905053,5.580024748371452,23.412125410358342,37.80216283361696,1.0
12.785208470467362,0.0026199037650657406,5.30996344537082,18.218799178205032,38.97973271107302,1.0
14.019160825986859,0.005231944208947081,5.574413944783107,27.505123416001013,38.021826962351646,1.0
14.307688771398299,0.0013368261348689074,5.564728056566998,17.008646847677277,43.578578649391694,1.0
17.71781965816999,0.008318583936811036,6.3178809026491285,48.01664563146901,39.433218026100164,1.0
2.6476973630657294,0.005845750859000253,3.4281272246917704,9.364944415829541,31.08465403543839,1.0
18.070636891668656,0.006708023120415015,6.349429899429795,40.34733943783142,38.436383528783566,1.0
4.353915750088862,0.0011074224331285565,3.30469738226222,6.402847295635024,39.33281041424681,1.0
8.878565585214902,0.004311385448676272,4.621056183235307,17.900739456980446,38.24652430232065,1.0
12.30211222710629,0.004708890691686049,5.251713640320557,23.393952129634297,38.020490840849085,1.0
12.910422573648118,0.0013522154111393484,5.314478850766808,15.95029625927364,43.489926428902294,1.0
4.652333542513517,0.0044223880586679995,3.8500155725101717,12.58799738646793,38.080721103289775,1.0
11.339102698317259,0.008876247130289922,5.130992551345091,35.670151074139206,40.08801289031745,1.0
7.268880593266007,0.007978209022463661,4.3582292208848585,23.512606798012985,39.63899396797374,1.0
3.4129925680964845,0.005334117648557661,3.6271481885003176,12.371451972625787,38.910187863375285,1.0
17.882552575920023,0.009448019336932598,6.37311095225328,54.583853809726605,40.1091921099345,1.0
11.027057773687517,0.002972499493284545,4.996655236090309,17.31958678471478,38.61632749843856,1.0
6.735213410438002,0.008716170569885018,4.264469350446251,23.85644554967442,39.90273183479705,1.0
9.464234722184901,0.00645377295846061,4.751395178791162,24.131122604683604,38.92388251103653,1.0
16.826084354011172,0.0052750419297910855,6.090700167803947,31.672693015734783,37.800689279918416,1.0
17.91006189881571,0.005742466514088347,6.29948995154749,35.3712814783946,37.92392307710919,1.0
12.716566909940795,0.004653484539492397,5.326767062652755,23.766466281012057,37.97070046730227,1.0
5.335263148734705,0.0028300347180079933,3.9651986454152395,11.772631548150002,40.254481997267696,1.0
5.027551693243518,0.006507893217836179,3.930687360148108,16.010054795616842,38.451412651248646,1.0
9.44321427324645,0.007513929821583877,4.759299468851437,27.04854238942199,39.449853554848616,1.0
18.297506958302446,0.005823230866154448,6.372581770187554,36.351336127802334,37.93539531908443,1.0
2.185060645412853,0.006316306102348072,2.9412357202023176,8.153217717163908,30.534458733726765,1.0
1.0639626800724047,0.005923200871171817,1.3866530550127179,3.7975089315226085,30.992065011179815,1.0
10.507234346257135,0.005704293583717334,4.9352353810898375,23.77642990269598,38.514526653149915,1.0
1.1354964863034471,0.003505151234100171,1.1719119623936192,2.8623597499461453,33.988041758731384,1.0
16.58490886872645,0.0022620673566114847,5.989870042721427,20.759210337631078,39.53942543860171,1.0
14.870357639395666,0.005214270932748333,5.730421034161082,28.650795663796323,37.940781995810035,1.0
8.735082871898186,0.009994914852863829,4.653491878077877,32.37723746642277,40.666534036978156,1.0
15.970288401844865,0.003658516474034862,5.904042896614483,24.359640476519395,37.72843655045309,1.0
16.16833898965305,0.009079971100216598,6.042546970717285,48.340896233802006,39.970602066998424,1.0
6.122821729384631,0.004988561316059803,4.122652334456006,15.44424980402827,38.32948941927936,1.0
12.233983780843579,0.008001393146882042,5.2863238413850375,34.565311150070286,39.56939784583186,1.0
5.567365979845212,0.0015003198950873354,3.9989791722224446,8.99183795248697,39.973086457395404,1.0
13.220156007788658,0.004561211294172329,5.417514952414762,24.124166820306684,37.90729445422959,1.0
15.368018320854924,0.006118062710214854,5.837890254106322,33.02769178874018,38.30862169968563,1.0
16.458076986522368,0.005344971827583957,6.024430066458568,31.44396931587457,37.85838786636226,1.0
12.506661038043376,0.009719451539818548,5.363214351699162,41.82996333874664,40.492543727579395,1.0
9.616500004586035,0.008425245657678684,4.80203863697022,30.086864996116326,39.9083363598108,1.0
15.344548408773884,0.0045165595809752174,5.8052112074035005,26.67067493347398,37.70959021961765,1.0
5.15667098907951,0.002447428262052937,3.9306890604095117,10.910349819701509,40.78864038225557,1.0
4.720126691158515,0.009552707278386776,3.8909389616372536,19.910148712996577,39.3752710929147,1.0
6.2646135415515865,0.002872828541259272,4.133626591149755,12.442337160621864,39.172507125353945,1.0
17.790847037614487,0.003068369264843353,6.223277374155022,24.239006625990385,38.00583629907292,1.0
2.558367361936784,0.0016450045153390473,2.1170026051187913,4.301550314275659,36.12343967358445,1.0
10.065072812783548,0.006984764663370596,4.868857727641318,26.75417267467766,39.15403448965708,1.0
12.837031504664123,0.0072615124729199995,5.387740864201014,33.05014476867249,39.1210549852716,1.0
3.872372546046237,0.008392928425713177,3.7254947649504353,15.907371150409443,37.93588210075352,1.0
7.314997084350593,0.0040312929051253684,4.333249116893065,15.374543215626824,38.31244060149908,1.0
3.7962250312325407,0.004362748349315141,3.6933401694758645,11.823875543225896,39.40271865738482,1.0
15.134232242298754,0.0025043898426388546,5.732424548594484,20.091553865294717,39.0466245809913,1.0
19.98900984083912,0.007275419107228441,6.718367044481145,46.9324254924566,38.65968007152978,1.0
5.984350952072644,0.00658579710300708,4.108353771585988,17.998294747364746,38.83284363495865,1.0
11.447004921977632,0.004262763364784389,5.0893704056881415,20.998732175351307,38.03798445777355,1.0
12.221384052811544,0.008355686890930233,5.289148886793832,35.854730328448625,39.765246592922054,1.0
15.153824932828966,0.005643672876561644,5.789985838287144,30.74580387168342,38.094856881724255,1.0
7.090378185059058,0.008108568852911304,4.325978861811912,23.39391220350756,39.68059544075633,1.0
7.393121340772613,0.005033125970163913,4.355947167605651,17.402194848880228,38.423780966255364,1.0
4.787900584868368,0.00400403435952005,3.8725062228167064,12.295182182003995,38.35196735463429,1.0
1.6924253062253976,0.00969565809746262,2.8509966671313265,8.525176656578534,27.165870796010726,1.0
10.778696938836035,0.001422428931026134,4.933150994887166,14.388791034093344,43.12630932955408,1.0
11.427277564230033,0.007771782357910002,5.132437144367397,32.01673725373835,39.490725581925695,1.0
9.933759248965725,0.004790049509833201,4.819146064562571,20.439776809674388,38.24575175755787,1.0
2.4058744853861187,0.005031554767682565,2.8936829906452948,7.6838132718191625,32.12135194370559,1.0
9.767301448329041,0.003949073012165608,4.779301158103497,18.169838843996395,38.19315755190792,1.0
2.9270086193225473,0.008846919971257184,3.549978066701585,13.548330460273686,35.35981024013729,1.0
10.473896343875253,0.005170535072695898,4.922637152401378,22.215666793674004,38.3124348877312,1.0
19.107369739473484,0.0070672911553508275,6.5496675478240975,44.1092287696991,38.58406636396691,1.0
5.607565622608992,0.00653126320730789,4.038211536875973,17.176281347873694,38.705644015338436,1.0
9.927819676663445,0.0010139419434828372,4.776102404651563,13.312397527852035,46.05045865878827,1.0
9.531853087888845,0.008530243970508652,4.787378489183563,30.199896835562576,39.96300923301755,1.0
8.842019837344576,0.00831507989837635,4.655740446249375,27.967056182151182,39.861054656025445,1.0
3.1692228438907835,0.004772224414355384,3.5803069824835365,9.927131967317237,34.20825197838022,1.0
4.743552212131114,0.008896967599192201,3.8915890184266875,18.97731547524675,39.152090493315924,1.0
1.184807380565605,0.009149154160373821,1.9345190907048622,5.729634116819494,27.654352851319157,1.0
16.98833656527188,0.006308420088930051,6.140874131505248,36.547468628765934,38.286172663610465,1.0
14.865199773958684,0.007664289970578258,5.772085465798197,38.75295161278274,39.212279747044406,1.0
1.9436370909414937,0.009759500555430053,3.285817311040533,9.83588654311143,27.110104430936754,1.0
1.407087713853687,0.008211959431849422,2.1691256463593875,6.30710030937467,28.53933045198971,1.0
10.819731483801634,0.005127551974956606,4.985584989056099,22.59326622236916,38.26940389835984,1.0
1.5185031241600244,0.002257977167109056,1.3790605710959838,2.944103992504233,34.275396895492804,1.0
10.036338597372467,0.008027035428886766,4.87592847454085,29.83721799692737,39.69227041362051,1.0
9.032130457772881,0.007005756698777761,4.677286947971556,24.81869905496257,39.209256257780645,1.0
6.222052260707345,0.002703917200945368,4.124750421910248,12.211761259743358,39.50840858789403,1.0
18.531691485241783,0.00780062870770803,6.458823666523797,46.96693404448582,39.06916442878997,1.0
18.095217744183746,0.002380434988986214,6.264522896939931,22.392805335127584,39.156891325107786,1.0
16.97729378649275,0.0030396427783421433,6.075334140914027,23.351014219246146,38.0942757302664,1.0
18.373263136076375,0.007487178177967807,6.4224117326575,44.9570727930802,38.88528282524673,1.0
1.2407221995008386,0.005486083326662592,1.5566748269124655,4.201610671750334,31.526824939683912,1.0
5.551977475557452,0.0010609643285085495,3.993541752765686,7.989929509580942,40.76839440299135,1.0
8.987734273430844,0.005511183413535879,4.653362716441303,20.88163325251911,38.538569705204615,1.0
3.2752212847675986,0.006358383665182954,3.605727568926915,12.508227726310917,36.7204531237927,1.0
18.99833362506163,0.009331390234827115,6.580883764338507,56.73875310841197,39.99034052185021,1.0
2.1521830672532345,0.004146374519667118,2.3615968975430586,6.053671846033959,33.46236525001343,1.0
10.4013500786422,0.009899237169556412,4.967686923825099,36.752917592759694,40.63872538011944,1.0
2.0048204328211474,0.003232080551846273,2.060152336610992,4.7723725639541845,33.134469059249916,1.0
6.53120829963559,0.002740838268469741,4.180905315369205,12.524273044910373,39.32422646780432,1.0
6.198026183659659,0.004882838955327548,4.135689301179206,15.376523857513426,38.318211371533486,1.0
15.423787939943859,0.006848894515726581,5.86138396463054,36.25635470136549,38.7028478434835,1.0
3.7698571369124894,0.0045352647087650525,3.689266258371528,12.16081675022511,39.75327902133055,1.0
9.819725003963544,0.007090290400836631,4.824523754806023,26.588751041384093,39.22001537208555,1.0
4.106612975203694,0.00824264032430103,3.768640448350098,16.347913309546556,38.241379051653155,1.0
10.713184582560471,0.002813646222767659,4.937918459168632,16.6736907703258,38.829888263848986,1.0
1.5343675012713154,0.004486350757635456,1.7469399258002538,4.541430704044125,32.90974320977798,1.0
4.036791233898633,0.0017004549764956993,3.369713715469839,6.878254292950029,35.898326806321755,1.0
17.0277538495575,0.009531244133615606,6.213598013615024,52.84362044170429,40.19595726807321,1.0
10.42257467031389,0.0019649856029078064,4.87551447736005,14.867102097058753,40.73358378821425,1.0
4.15653495347574,0.004847460306797165,3.7614499360684897,12.435582088050907,37.88410573132948,1.0
13.05899150015628,0.0029826177764273607,5.364722896753685,19.352262657468867,38.44972636774937,1.0
17.326163971345608,0.008468535024960927,6.247655090795154,47.9320424394326,39.54563813947963,1.0
4.1386807510207255,0.006382289291326386,3.7655336344173955,14.085910323144901,37.71912211083558,1.0
8.266309140955546,0.0038207120151294766,4.504664593109927,16.120967828245536,38.31295952551893,1.0
6.772765242396112,0.008723653389539447,4.271580384787866,23.967080113564624,39.91240403554425,1.0
2.2188713931543202,0.002999622918390293,2.227455450841888,5.0398097777138045,33.161087963185935,1.0
17.676216383696385,0.0045917856805376585,6.232993759338674,29.909217155103498,37.52815253707033,1.0
8.001526881297998,0.007835156161551664,4.493763611864158,24.815652122974825,39.61504404468189,1.0
6.565754969408605,0.003353763354327905,4.191663101773591,13.390533054007934,38.58110780975716,1.0
8.371344949250151,0.007181243264095268,4.556310675728925,23.968234069162868,39.30584070302858,1.0
11.264163895585565,0.0012941477393789288,5.018632781030006,14.601601459599854,43.881618777762476,1.0
11.12883475225763,0.007709227131605822,5.075916798939113,31.174938411550976,39.47390091570534,1.0
10.367758277821546,0.0054620131049295684,4.906639491012824,22.871292093913453,38.42672977003466,1.0
11.761954988848226,0.0031778087568074456,5.132430215627708,18.53297877473732,38.36383615377908,1.0
17.105139138978384,0.004463295072869241,6.126033358245317,28.665930182704948,37.553918522184006,1.0
7.715268675771526,0.008621409396848394,4.44758487873309,26.073000326591277,39.97265135633355,1.0
16.20553230325979,0.004982869039643749,5.971265804337592,29.59471258750583,37.747398639233424,1.0
5.740210249864531,0.0036769296923832434,4.043921192996753,12.939747242597624,38.41832475329714,1.0
7.8067774532604135,0.008648370851045348,4.4650075781737275,26.363174482067688,39.99124831038745,1.0
17.40713677578568,0.0037313016547065123,6.166751779697199,26.183641063795207,37.58763877241754,1.0
9.483166570475145,0.0034565722933465968,4.722261747003144,16.75561782370381,38.361190887141625,1.0
17.452824961664817,0.003444845951725104,6.169420962320616,25.19426311494584,37.71707707443116,1.0
11.293883617426124,0.00798716952301665,5.110443369311331,32.46919875766545,39.61412597852809,1.0
3.6899975607445232,0.006882323083469209,3.6847044690291315,13.719345714481584,37.19340977092086,1.0
19.174170923941418,0.0022155316471639233,6.455662978077951,22.86133139654649,39.54690292104211,1.0
17.70037318594435,0.0017176276078569655,6.180299693789188,20.399787810495493,41.4621323112632,1.0
13.681983404918794,0.005012271260209458,5.509038120021755,26.252378769963347,37.976428739258864,1.0
8.233117564159958,0.009039358911058153,4.548897860446228,28.42277239541174,40.19766369199168,1.0
19.86311614372228,0.008187683720830695,6.716500883090499,51.98710243736621,39.23930564417415,1.0
1.5803537651008326,0.005021861005674116,1.8990083289988553,5.040754814225323,32.13456081658306,1.0
18.146682815737545,0.005769957915368079,6.34366017077336,35.86353124620729,37.91993166207474,1.0
8.389046907550739,0.002965460676754818,4.5189278250305085,14.664942158439322,38.80941636032054,1.0
17.308215267657438,0.008519356026522073,6.2453472760163855,48.15807641076059,39.57741899904559,1.0
5.631754578538188,0.009178490980584715,4.06045161346297,21.875202578045638,39.78811977359375,1.0
17.812773552288377,0.008964444342004864,6.349506918645617,51.73037588820186,39.821620106398484,1.0
15.49681489112999,0.007360375482284852,5.884284010586608,38.66743998442684,38.992916003658934,1.0
19.654347499220798,0.009944970758992075,6.7192327770392986,62.175662390415525,40.33513779295737,1.0
13.692305078965532,0.009816081264220289,5.5888650458270455,45.422287849762725,40.499755650798825,1.0
19.060500352901098,0.0015122059236661115,6.4203672907464595,21.030593366064416,42.49438887908183,1.0
11.193609986491783,0.008252981941221775,5.095262282209915,33.15745076235909,39.76184618105621,1.0
3.7520245745942162,0.0031878115745478395,3.6802796891399736,8.913124493690832,34.745784252866876,1.0
14.78350376851545,0.006025568498896827,5.728360279816199,31.698711852378853,38.30850563916647,1.0
9.908689306226895,0.009499239768782423,4.8696518725875775,34.11513288254414,40.44442057066841,1.0
7.564757050553643,0.008506832360672125,4.418302975884696,25.431308307971328,39.908375491871666,1.0
6.418402450817407,0.0035606927175577184,4.166415647778399,13.53588198528341,38.457886291813296,1.0
17.236785591835567,0.0015582662140129374,6.093978951721331,19.695561929428123,42.26687153172699,1.0
12.331917386655206,0.008753132200548538,5.315744130612482,37.61498098551039,39.977653127623434,1.0
19.82838613412878,0.007879409308919491,6.7027041326587415,50.10115184499925,39.04692629608956,1.0
2.5120587321580174,0.0012165379756602674,1.9404706210862768,3.7991582488538684,38.48912151172557,1.0
2.55692570444058,0.004077170386708353,2.783954045656654,7.11547165582796,33.582460764690225,1.0
12.999278697595722,0.007615601222761347,5.423373699698544,34.723981399561794,39.30724488862027,1.0
16.11739603022484,0.007888554552001008,6.009898607106758,42.3830598217928,39.26539734683883,1.0
17.004017018641484,0.006487985421037075,6.147343521142169,37.41413961213894,38.38448763409384,1.0
1.8009235255918044,0.007243398256143252,2.6000443339357466,7.392721363970034,29.520801164445583,1.0
17.536709601456547,0.003697717393654338,6.189658242438524,26.20034618246169,37.58928146659997,1.0
19.044509486755214,0.004068895941508612,6.471911583945741,29.35747786940142,37.393151955664386,1.0
4.18794862830662,0.0016918971941375697,3.49118929767717,7.121208308929306,35.93211760962872,1.0
7.443362156948108,0.00420998966509084,4.3581564817300515,15.865637623904128,38.301423510172675,1.0
12.056946696146086,0.008131705490355067,5.255115422261486,34.656893265620596,39.65117670485668,1.0
3.371939771647166,0.007930637493685687,3.6298735787413023,14.027893319049479,36.716735317312285,1.0
17.59521434294707,0.0042906217493964595,6.212133514788176,28.56791662669506,37.499610564902355,1.0
5.87896716712172,0.007858208191405331,4.097675325922817,20.087445141025402,39.332977066690574,1.0
12.877506298178572,0.0049406116139419495,5.3604511900672085,24.904404531420784,38.02755605268475,1.0
9.101260596903261,0.004762202417925271,4.6664021868207275,19.231004278666997,38.29892318734475,1.0
11.911233851749252,0.0031274537010829184,5.158821046968165,18.563745397408884,38.39505291413556,1.0
6.507263522202597,0.004683933150471595,4.190869236815229,15.476747237454218,38.31469583179118,1.0
9.38942659392521,0.004010685759110746,4.711120134587126,17.859283900029546,38.215026234888334,1.0
5.512853724007902,0.006626498350763514,4.021291447649293,17.150869362966212,38.709466514196045,1.0
19.33240345557,0.006072632763022365,6.56893884049993,39.22616784174333,37.99272757209359,1.0
4.967632204689588,0.003935812831986891,3.904874662756762,12.407046545402803,38.34612357618952,1.0
9.788279055061878,0.006298087727351955,4.809579493310211,24.272280271657415,38.83208538200182,1.0
17.76626594737148,0.008970000375637062,6.340880935409561,51.64879286396511,39.82722017051917,1.0
18.22184788085322,0.007288380419687911,6.389917682562093,43.61098040271073,38.77310415958245,1.0
18.461838466425643,0.004654849541238481,6.378015846737931,31.177813546279488,37.47940620171652,1.0
14.50256959646053,0.004281112983616555,5.64739185456176,24.79602768090863,37.76056053932372,1.0
16.61465107019238,0.0025633807942347015,6.0007999591692025,21.586991461233957,38.838087361494466,1.0
12.059008530644684,0.005259096940824739,5.214837947171466,24.776062343632358,38.206819015002985,1.0
9.282036303920925,0.0032881897709710977,4.683974747794263,16.19225063534678,38.472986955024396,1.0
19.538244400028297,0.008607890348952965,6.665564673449836,53.75123041564437,39.51908878442956,1.0
11.901094900231378,0.007474524887991811,5.216654009843966,31.96252836943571,39.300816440566315,1.0
16.44341730220041,0.005720860933183883,6.028884702259871,33.03269820826157,38.02595168813987,1.0
9.71157815951453,0.009025977452500458,4.8268837419620345,32.13305614089515,40.210052093653104,1.0
2.439129950718112,0.0011809771519264427,1.873360071266686,3.655542256165923,38.7503939576399,1.0
13.009295572502724,0.0020895077154300013,5.342781300010801,17.29129916290099,40.211144403043846,1.0
4.974501748904322,0.00535026031222238,3.9141730903374006,14.227425470365107,38.10193970708718,1.0
3.456761719173059,0.0057999799834880395,3.6370541404702217,12.484216721688494,37.48252909975023,1.0
19.840544048687054,0.002657913475247135,0.0,0.0,0.0,0.0
6.8614475889371835,0.003310909592268225,4.244999556176334,13.643059212096178,38.595835479324926,1.0
11.173133696553679,0.009253065194449156,5.1048958877743384,36.58665104863382,40.29239087069336,1.0
19.5491459179575,0.0018010721797261328,6.514276134666878,22.082096673724532,41.03565648304941,1.0
15.195105562402688,0.0033881047567806467,5.758449662672683,22.655360926856513,37.92879928896908,1.0
8.609192740480378,0.002487889641770718,4.554196787096198,14.089044361336272,39.49955957527771,1.0
6.906386456049988,0.0010891399424942255,4.23613110170232,9.918892319508904,43.769635981079524,1.0
3.6511621918153874,0.007126548295765445,3.6785490716509868,13.892460975413721,37.16935762478592,1.0
